# KISANOVA AgriTech Rover CAD Model - KISANOVA_Rover_Assembly
o KISANOVA_Rover_Assembly
v -190.0000 -120.0000 0.0000
v 190.0000 -120.0000 0.0000
v 190.0000 -100.0000 0.0000
v -190.0000 -100.0000 0.0000
v -190.0000 -120.0000 20.0000
v 190.0000 -120.0000 20.0000
v 190.0000 -100.0000 20.0000
v -190.0000 -100.0000 20.0000
v -190.0000 100.0000 0.0000
v 190.0000 100.0000 0.0000
v 190.0000 120.0000 0.0000
v -190.0000 120.0000 0.0000
v -190.0000 100.0000 20.0000
v 190.0000 100.0000 20.0000
v 190.0000 120.0000 20.0000
v -190.0000 120.0000 20.0000
v -190.0000 -100.0000 0.0000
v -170.0000 -100.0000 0.0000
v -170.0000 100.0000 0.0000
v -190.0000 100.0000 0.0000
v -190.0000 -100.0000 20.0000
v -170.0000 -100.0000 20.0000
v -170.0000 100.0000 20.0000
v -190.0000 100.0000 20.0000
v -10.0000 -100.0000 0.0000
v 10.0000 -100.0000 0.0000
v 10.0000 100.0000 0.0000
v -10.0000 100.0000 0.0000
v -10.0000 -100.0000 20.0000
v 10.0000 -100.0000 20.0000
v 10.0000 100.0000 20.0000
v -10.0000 100.0000 20.0000
v 170.0000 -100.0000 0.0000
v 190.0000 -100.0000 0.0000
v 190.0000 100.0000 0.0000
v 170.0000 100.0000 0.0000
v 170.0000 -100.0000 20.0000
v 190.0000 -100.0000 20.0000
v 190.0000 100.0000 20.0000
v 170.0000 100.0000 20.0000
v -190.0000 -120.0000 0.0000
v -170.0000 -120.0000 0.0000
v -170.0000 -100.0000 0.0000
v -190.0000 -100.0000 0.0000
v -190.0000 -120.0000 120.0000
v -170.0000 -120.0000 120.0000
v -170.0000 -100.0000 120.0000
v -190.0000 -100.0000 120.0000
v -190.0000 100.0000 0.0000
v -170.0000 100.0000 0.0000
v -170.0000 120.0000 0.0000
v -190.0000 120.0000 0.0000
v -190.0000 100.0000 120.0000
v -170.0000 100.0000 120.0000
v -170.0000 120.0000 120.0000
v -190.0000 120.0000 120.0000
v 170.0000 -120.0000 0.0000
v 190.0000 -120.0000 0.0000
v 190.0000 -100.0000 0.0000
v 170.0000 -100.0000 0.0000
v 170.0000 -120.0000 120.0000
v 190.0000 -120.0000 120.0000
v 190.0000 -100.0000 120.0000
v 170.0000 -100.0000 120.0000
v 170.0000 100.0000 0.0000
v 190.0000 100.0000 0.0000
v 190.0000 120.0000 0.0000
v 170.0000 120.0000 0.0000
v 170.0000 100.0000 120.0000
v 190.0000 100.0000 120.0000
v 190.0000 120.0000 120.0000
v 170.0000 120.0000 120.0000
v -190.0000 -120.0000 100.0000
v 190.0000 -120.0000 100.0000
v 190.0000 -100.0000 100.0000
v -190.0000 -100.0000 100.0000
v -190.0000 -120.0000 120.0000
v 190.0000 -120.0000 120.0000
v 190.0000 -100.0000 120.0000
v -190.0000 -100.0000 120.0000
v -190.0000 100.0000 100.0000
v 190.0000 100.0000 100.0000
v 190.0000 120.0000 100.0000
v -190.0000 120.0000 100.0000
v -190.0000 100.0000 120.0000
v 190.0000 100.0000 120.0000
v 190.0000 120.0000 120.0000
v -190.0000 120.0000 120.0000
v -190.0000 -100.0000 100.0000
v -170.0000 -100.0000 100.0000
v -170.0000 100.0000 100.0000
v -190.0000 100.0000 100.0000
v -190.0000 -100.0000 120.0000
v -170.0000 -100.0000 120.0000
v -170.0000 100.0000 120.0000
v -190.0000 100.0000 120.0000
v -10.0000 -100.0000 100.0000
v 10.0000 -100.0000 100.0000
v 10.0000 100.0000 100.0000
v -10.0000 100.0000 100.0000
v -10.0000 -100.0000 120.0000
v 10.0000 -100.0000 120.0000
v 10.0000 100.0000 120.0000
v -10.0000 100.0000 120.0000
v 170.0000 -100.0000 100.0000
v 190.0000 -100.0000 100.0000
v 190.0000 100.0000 100.0000
v 170.0000 100.0000 100.0000
v 170.0000 -100.0000 120.0000
v 190.0000 -100.0000 120.0000
v 190.0000 100.0000 120.0000
v 170.0000 100.0000 120.0000
v -175.0000 -105.0000 0.0000
v 175.0000 -105.0000 0.0000
v 175.0000 105.0000 0.0000
v -175.0000 105.0000 0.0000
v -175.0000 -105.0000 4.0000
v 175.0000 -105.0000 4.0000
v 175.0000 105.0000 4.0000
v -175.0000 105.0000 4.0000
v 195.0000 -90.0000 22.5000
v 201.0000 -90.0000 22.5000
v 201.0000 90.0000 22.5000
v 195.0000 90.0000 22.5000
v 195.0000 -90.0000 67.5000
v 201.0000 -90.0000 67.5000
v 201.0000 90.0000 67.5000
v 195.0000 90.0000 67.5000
v -130.0000 -132.5000 0.0000
v -130.0000 -57.5000 0.0000
v -111.5000 -132.5000 0.0000
v -111.5000 -57.5000 0.0000
v -112.6157 -132.5000 6.3274
v -112.6157 -57.5000 6.3274
v -115.8282 -132.5000 11.8916
v -115.8282 -57.5000 11.8916
v -120.7500 -132.5000 16.0215
v -120.7500 -57.5000 16.0215
v -126.7875 -132.5000 18.2189
v -126.7875 -57.5000 18.2189
v -133.2125 -132.5000 18.2189
v -133.2125 -57.5000 18.2189
v -139.2500 -132.5000 16.0215
v -139.2500 -57.5000 16.0215
v -144.1718 -132.5000 11.8916
v -144.1718 -57.5000 11.8916
v -147.3843 -132.5000 6.3274
v -147.3843 -57.5000 6.3274
v -148.5000 -132.5000 0.0000
v -148.5000 -57.5000 0.0000
v -147.3843 -132.5000 -6.3274
v -147.3843 -57.5000 -6.3274
v -144.1718 -132.5000 -11.8916
v -144.1718 -57.5000 -11.8916
v -139.2500 -132.5000 -16.0215
v -139.2500 -57.5000 -16.0215
v -133.2125 -132.5000 -18.2189
v -133.2125 -57.5000 -18.2189
v -126.7875 -132.5000 -18.2189
v -126.7875 -57.5000 -18.2189
v -120.7500 -132.5000 -16.0215
v -120.7500 -57.5000 -16.0215
v -115.8282 -132.5000 -11.8916
v -115.8282 -57.5000 -11.8916
v -112.6157 -132.5000 -6.3274
v -112.6157 -57.5000 -6.3274
v -130.0000 -142.5000 0.0000
v -130.0000 -117.5000 0.0000
v -124.0000 -142.5000 0.0000
v -124.0000 -117.5000 0.0000
v -124.8038 -142.5000 3.0000
v -124.8038 -117.5000 3.0000
v -127.0000 -142.5000 5.1962
v -127.0000 -117.5000 5.1962
v -130.0000 -142.5000 6.0000
v -130.0000 -117.5000 6.0000
v -133.0000 -142.5000 5.1962
v -133.0000 -117.5000 5.1962
v -135.1962 -142.5000 3.0000
v -135.1962 -117.5000 3.0000
v -136.0000 -142.5000 0.0000
v -136.0000 -117.5000 0.0000
v -135.1962 -142.5000 -3.0000
v -135.1962 -117.5000 -3.0000
v -133.0000 -142.5000 -5.1962
v -133.0000 -117.5000 -5.1962
v -130.0000 -142.5000 -6.0000
v -130.0000 -117.5000 -6.0000
v -127.0000 -142.5000 -5.1962
v -127.0000 -117.5000 -5.1962
v -124.8038 -142.5000 -3.0000
v -124.8038 -117.5000 -3.0000
v -130.0000 -187.5000 0.0000
v -130.0000 -132.5000 0.0000
v -65.0000 -187.5000 0.0000
v -65.0000 -132.5000 0.0000
v -66.6297 -187.5000 14.4639
v -66.6297 -132.5000 14.4639
v -71.4370 -187.5000 28.2024
v -71.4370 -132.5000 28.2024
v -79.1810 -187.5000 40.5268
v -79.1810 -132.5000 40.5268
v -89.4732 -187.5000 50.8190
v -89.4732 -132.5000 50.8190
v -101.7976 -187.5000 58.5630
v -101.7976 -132.5000 58.5630
v -115.5361 -187.5000 63.3703
v -115.5361 -132.5000 63.3703
v -130.0000 -187.5000 65.0000
v -130.0000 -132.5000 65.0000
v -144.4639 -187.5000 63.3703
v -144.4639 -132.5000 63.3703
v -158.2024 -187.5000 58.5630
v -158.2024 -132.5000 58.5630
v -170.5268 -187.5000 50.8190
v -170.5268 -132.5000 50.8190
v -180.8190 -187.5000 40.5268
v -180.8190 -132.5000 40.5268
v -188.5630 -187.5000 28.2024
v -188.5630 -132.5000 28.2024
v -193.3703 -187.5000 14.4639
v -193.3703 -132.5000 14.4639
v -195.0000 -187.5000 0.0000
v -195.0000 -132.5000 0.0000
v -193.3703 -187.5000 -14.4639
v -193.3703 -132.5000 -14.4639
v -188.5630 -187.5000 -28.2024
v -188.5630 -132.5000 -28.2024
v -180.8190 -187.5000 -40.5268
v -180.8190 -132.5000 -40.5268
v -170.5268 -187.5000 -50.8190
v -170.5268 -132.5000 -50.8190
v -158.2024 -187.5000 -58.5630
v -158.2024 -132.5000 -58.5630
v -144.4639 -187.5000 -63.3703
v -144.4639 -132.5000 -63.3703
v -130.0000 -187.5000 -65.0000
v -130.0000 -132.5000 -65.0000
v -115.5361 -187.5000 -63.3703
v -115.5361 -132.5000 -63.3703
v -101.7976 -187.5000 -58.5630
v -101.7976 -132.5000 -58.5630
v -89.4732 -187.5000 -50.8190
v -89.4732 -132.5000 -50.8190
v -79.1810 -187.5000 -40.5268
v -79.1810 -132.5000 -40.5268
v -71.4370 -187.5000 -28.2024
v -71.4370 -132.5000 -28.2024
v -66.6297 -187.5000 -14.4639
v -66.6297 -132.5000 -14.4639
v -130.0000 -189.5000 0.0000
v -130.0000 -130.5000 0.0000
v -83.0000 -189.5000 0.0000
v -83.0000 -130.5000 0.0000
v -84.6015 -189.5000 12.1645
v -84.6015 -130.5000 12.1645
v -89.2968 -189.5000 23.5000
v -89.2968 -130.5000 23.5000
v -96.7660 -189.5000 33.2340
v -96.7660 -130.5000 33.2340
v -106.5000 -189.5000 40.7032
v -106.5000 -130.5000 40.7032
v -117.8355 -189.5000 45.3985
v -117.8355 -130.5000 45.3985
v -130.0000 -189.5000 47.0000
v -130.0000 -130.5000 47.0000
v -142.1645 -189.5000 45.3985
v -142.1645 -130.5000 45.3985
v -153.5000 -189.5000 40.7032
v -153.5000 -130.5000 40.7032
v -163.2340 -189.5000 33.2340
v -163.2340 -130.5000 33.2340
v -170.7032 -189.5000 23.5000
v -170.7032 -130.5000 23.5000
v -175.3985 -189.5000 12.1645
v -175.3985 -130.5000 12.1645
v -177.0000 -189.5000 0.0000
v -177.0000 -130.5000 0.0000
v -175.3985 -189.5000 -12.1645
v -175.3985 -130.5000 -12.1645
v -170.7032 -189.5000 -23.5000
v -170.7032 -130.5000 -23.5000
v -163.2340 -189.5000 -33.2340
v -163.2340 -130.5000 -33.2340
v -153.5000 -189.5000 -40.7032
v -153.5000 -130.5000 -40.7032
v -142.1645 -189.5000 -45.3985
v -142.1645 -130.5000 -45.3985
v -130.0000 -189.5000 -47.0000
v -130.0000 -130.5000 -47.0000
v -117.8355 -189.5000 -45.3985
v -117.8355 -130.5000 -45.3985
v -106.5000 -189.5000 -40.7032
v -106.5000 -130.5000 -40.7032
v -96.7660 -189.5000 -33.2340
v -96.7660 -130.5000 -33.2340
v -89.2968 -189.5000 -23.5000
v -89.2968 -130.5000 -23.5000
v -84.6015 -189.5000 -12.1645
v -84.6015 -130.5000 -12.1645
v -71.0000 -183.3750 -3.0000
v -63.0000 -183.3750 -3.0000
v -63.0000 -136.6250 -3.0000
v -71.0000 -136.6250 -3.0000
v -71.0000 -183.3750 3.0000
v -63.0000 -183.3750 3.0000
v -63.0000 -136.6250 3.0000
v -71.0000 -136.6250 3.0000
v -75.7956 -183.3750 21.1091
v -67.7956 -183.3750 21.1091
v -67.7956 -136.6250 21.1091
v -75.7956 -136.6250 21.1091
v -75.7956 -183.3750 27.1091
v -67.7956 -183.3750 27.1091
v -67.7956 -136.6250 27.1091
v -75.7956 -136.6250 27.1091
v -89.4523 -183.3750 41.5477
v -81.4523 -183.3750 41.5477
v -81.4523 -136.6250 41.5477
v -89.4523 -136.6250 41.5477
v -89.4523 -183.3750 47.5477
v -81.4523 -183.3750 47.5477
v -81.4523 -136.6250 47.5477
v -89.4523 -136.6250 47.5477
v -109.8909 -183.3750 55.2044
v -101.8909 -183.3750 55.2044
v -101.8909 -136.6250 55.2044
v -109.8909 -136.6250 55.2044
v -109.8909 -183.3750 61.2044
v -101.8909 -183.3750 61.2044
v -101.8909 -136.6250 61.2044
v -109.8909 -136.6250 61.2044
v -134.0000 -183.3750 60.0000
v -126.0000 -183.3750 60.0000
v -126.0000 -136.6250 60.0000
v -134.0000 -136.6250 60.0000
v -134.0000 -183.3750 66.0000
v -126.0000 -183.3750 66.0000
v -126.0000 -136.6250 66.0000
v -134.0000 -136.6250 66.0000
v -158.1091 -183.3750 55.2044
v -150.1091 -183.3750 55.2044
v -150.1091 -136.6250 55.2044
v -158.1091 -136.6250 55.2044
v -158.1091 -183.3750 61.2044
v -150.1091 -183.3750 61.2044
v -150.1091 -136.6250 61.2044
v -158.1091 -136.6250 61.2044
v -178.5477 -183.3750 41.5477
v -170.5477 -183.3750 41.5477
v -170.5477 -136.6250 41.5477
v -178.5477 -136.6250 41.5477
v -178.5477 -183.3750 47.5477
v -170.5477 -183.3750 47.5477
v -170.5477 -136.6250 47.5477
v -178.5477 -136.6250 47.5477
v -192.2044 -183.3750 21.1091
v -184.2044 -183.3750 21.1091
v -184.2044 -136.6250 21.1091
v -192.2044 -136.6250 21.1091
v -192.2044 -183.3750 27.1091
v -184.2044 -183.3750 27.1091
v -184.2044 -136.6250 27.1091
v -192.2044 -136.6250 27.1091
v -197.0000 -183.3750 -3.0000
v -189.0000 -183.3750 -3.0000
v -189.0000 -136.6250 -3.0000
v -197.0000 -136.6250 -3.0000
v -197.0000 -183.3750 3.0000
v -189.0000 -183.3750 3.0000
v -189.0000 -136.6250 3.0000
v -197.0000 -136.6250 3.0000
v -192.2044 -183.3750 -27.1091
v -184.2044 -183.3750 -27.1091
v -184.2044 -136.6250 -27.1091
v -192.2044 -136.6250 -27.1091
v -192.2044 -183.3750 -21.1091
v -184.2044 -183.3750 -21.1091
v -184.2044 -136.6250 -21.1091
v -192.2044 -136.6250 -21.1091
v -178.5477 -183.3750 -47.5477
v -170.5477 -183.3750 -47.5477
v -170.5477 -136.6250 -47.5477
v -178.5477 -136.6250 -47.5477
v -178.5477 -183.3750 -41.5477
v -170.5477 -183.3750 -41.5477
v -170.5477 -136.6250 -41.5477
v -178.5477 -136.6250 -41.5477
v -158.1091 -183.3750 -61.2044
v -150.1091 -183.3750 -61.2044
v -150.1091 -136.6250 -61.2044
v -158.1091 -136.6250 -61.2044
v -158.1091 -183.3750 -55.2044
v -150.1091 -183.3750 -55.2044
v -150.1091 -136.6250 -55.2044
v -158.1091 -136.6250 -55.2044
v -134.0000 -183.3750 -66.0000
v -126.0000 -183.3750 -66.0000
v -126.0000 -136.6250 -66.0000
v -134.0000 -136.6250 -66.0000
v -134.0000 -183.3750 -60.0000
v -126.0000 -183.3750 -60.0000
v -126.0000 -136.6250 -60.0000
v -134.0000 -136.6250 -60.0000
v -109.8909 -183.3750 -61.2044
v -101.8909 -183.3750 -61.2044
v -101.8909 -136.6250 -61.2044
v -109.8909 -136.6250 -61.2044
v -109.8909 -183.3750 -55.2044
v -101.8909 -183.3750 -55.2044
v -101.8909 -136.6250 -55.2044
v -109.8909 -136.6250 -55.2044
v -89.4523 -183.3750 -47.5477
v -81.4523 -183.3750 -47.5477
v -81.4523 -136.6250 -47.5477
v -89.4523 -136.6250 -47.5477
v -89.4523 -183.3750 -41.5477
v -81.4523 -183.3750 -41.5477
v -81.4523 -136.6250 -41.5477
v -89.4523 -136.6250 -41.5477
v -75.7956 -183.3750 -27.1091
v -67.7956 -183.3750 -27.1091
v -67.7956 -136.6250 -27.1091
v -75.7956 -136.6250 -27.1091
v -75.7956 -183.3750 -21.1091
v -67.7956 -183.3750 -21.1091
v -67.7956 -136.6250 -21.1091
v -75.7956 -136.6250 -21.1091
v -130.0000 57.5000 0.0000
v -130.0000 132.5000 0.0000
v -111.5000 57.5000 0.0000
v -111.5000 132.5000 0.0000
v -112.6157 57.5000 6.3274
v -112.6157 132.5000 6.3274
v -115.8282 57.5000 11.8916
v -115.8282 132.5000 11.8916
v -120.7500 57.5000 16.0215
v -120.7500 132.5000 16.0215
v -126.7875 57.5000 18.2189
v -126.7875 132.5000 18.2189
v -133.2125 57.5000 18.2189
v -133.2125 132.5000 18.2189
v -139.2500 57.5000 16.0215
v -139.2500 132.5000 16.0215
v -144.1718 57.5000 11.8916
v -144.1718 132.5000 11.8916
v -147.3843 57.5000 6.3274
v -147.3843 132.5000 6.3274
v -148.5000 57.5000 0.0000
v -148.5000 132.5000 0.0000
v -147.3843 57.5000 -6.3274
v -147.3843 132.5000 -6.3274
v -144.1718 57.5000 -11.8916
v -144.1718 132.5000 -11.8916
v -139.2500 57.5000 -16.0215
v -139.2500 132.5000 -16.0215
v -133.2125 57.5000 -18.2189
v -133.2125 132.5000 -18.2189
v -126.7875 57.5000 -18.2189
v -126.7875 132.5000 -18.2189
v -120.7500 57.5000 -16.0215
v -120.7500 132.5000 -16.0215
v -115.8282 57.5000 -11.8916
v -115.8282 132.5000 -11.8916
v -112.6157 57.5000 -6.3274
v -112.6157 132.5000 -6.3274
v -130.0000 117.5000 0.0000
v -130.0000 142.5000 0.0000
v -124.0000 117.5000 0.0000
v -124.0000 142.5000 0.0000
v -124.8038 117.5000 3.0000
v -124.8038 142.5000 3.0000
v -127.0000 117.5000 5.1962
v -127.0000 142.5000 5.1962
v -130.0000 117.5000 6.0000
v -130.0000 142.5000 6.0000
v -133.0000 117.5000 5.1962
v -133.0000 142.5000 5.1962
v -135.1962 117.5000 3.0000
v -135.1962 142.5000 3.0000
v -136.0000 117.5000 0.0000
v -136.0000 142.5000 0.0000
v -135.1962 117.5000 -3.0000
v -135.1962 142.5000 -3.0000
v -133.0000 117.5000 -5.1962
v -133.0000 142.5000 -5.1962
v -130.0000 117.5000 -6.0000
v -130.0000 142.5000 -6.0000
v -127.0000 117.5000 -5.1962
v -127.0000 142.5000 -5.1962
v -124.8038 117.5000 -3.0000
v -124.8038 142.5000 -3.0000
v -130.0000 132.5000 0.0000
v -130.0000 187.5000 0.0000
v -65.0000 132.5000 0.0000
v -65.0000 187.5000 0.0000
v -66.6297 132.5000 14.4639
v -66.6297 187.5000 14.4639
v -71.4370 132.5000 28.2024
v -71.4370 187.5000 28.2024
v -79.1810 132.5000 40.5268
v -79.1810 187.5000 40.5268
v -89.4732 132.5000 50.8190
v -89.4732 187.5000 50.8190
v -101.7976 132.5000 58.5630
v -101.7976 187.5000 58.5630
v -115.5361 132.5000 63.3703
v -115.5361 187.5000 63.3703
v -130.0000 132.5000 65.0000
v -130.0000 187.5000 65.0000
v -144.4639 132.5000 63.3703
v -144.4639 187.5000 63.3703
v -158.2024 132.5000 58.5630
v -158.2024 187.5000 58.5630
v -170.5268 132.5000 50.8190
v -170.5268 187.5000 50.8190
v -180.8190 132.5000 40.5268
v -180.8190 187.5000 40.5268
v -188.5630 132.5000 28.2024
v -188.5630 187.5000 28.2024
v -193.3703 132.5000 14.4639
v -193.3703 187.5000 14.4639
v -195.0000 132.5000 0.0000
v -195.0000 187.5000 0.0000
v -193.3703 132.5000 -14.4639
v -193.3703 187.5000 -14.4639
v -188.5630 132.5000 -28.2024
v -188.5630 187.5000 -28.2024
v -180.8190 132.5000 -40.5268
v -180.8190 187.5000 -40.5268
v -170.5268 132.5000 -50.8190
v -170.5268 187.5000 -50.8190
v -158.2024 132.5000 -58.5630
v -158.2024 187.5000 -58.5630
v -144.4639 132.5000 -63.3703
v -144.4639 187.5000 -63.3703
v -130.0000 132.5000 -65.0000
v -130.0000 187.5000 -65.0000
v -115.5361 132.5000 -63.3703
v -115.5361 187.5000 -63.3703
v -101.7976 132.5000 -58.5630
v -101.7976 187.5000 -58.5630
v -89.4732 132.5000 -50.8190
v -89.4732 187.5000 -50.8190
v -79.1810 132.5000 -40.5268
v -79.1810 187.5000 -40.5268
v -71.4370 132.5000 -28.2024
v -71.4370 187.5000 -28.2024
v -66.6297 132.5000 -14.4639
v -66.6297 187.5000 -14.4639
v -130.0000 130.5000 0.0000
v -130.0000 189.5000 0.0000
v -83.0000 130.5000 0.0000
v -83.0000 189.5000 0.0000
v -84.6015 130.5000 12.1645
v -84.6015 189.5000 12.1645
v -89.2968 130.5000 23.5000
v -89.2968 189.5000 23.5000
v -96.7660 130.5000 33.2340
v -96.7660 189.5000 33.2340
v -106.5000 130.5000 40.7032
v -106.5000 189.5000 40.7032
v -117.8355 130.5000 45.3985
v -117.8355 189.5000 45.3985
v -130.0000 130.5000 47.0000
v -130.0000 189.5000 47.0000
v -142.1645 130.5000 45.3985
v -142.1645 189.5000 45.3985
v -153.5000 130.5000 40.7032
v -153.5000 189.5000 40.7032
v -163.2340 130.5000 33.2340
v -163.2340 189.5000 33.2340
v -170.7032 130.5000 23.5000
v -170.7032 189.5000 23.5000
v -175.3985 130.5000 12.1645
v -175.3985 189.5000 12.1645
v -177.0000 130.5000 0.0000
v -177.0000 189.5000 0.0000
v -175.3985 130.5000 -12.1645
v -175.3985 189.5000 -12.1645
v -170.7032 130.5000 -23.5000
v -170.7032 189.5000 -23.5000
v -163.2340 130.5000 -33.2340
v -163.2340 189.5000 -33.2340
v -153.5000 130.5000 -40.7032
v -153.5000 189.5000 -40.7032
v -142.1645 130.5000 -45.3985
v -142.1645 189.5000 -45.3985
v -130.0000 130.5000 -47.0000
v -130.0000 189.5000 -47.0000
v -117.8355 130.5000 -45.3985
v -117.8355 189.5000 -45.3985
v -106.5000 130.5000 -40.7032
v -106.5000 189.5000 -40.7032
v -96.7660 130.5000 -33.2340
v -96.7660 189.5000 -33.2340
v -89.2968 130.5000 -23.5000
v -89.2968 189.5000 -23.5000
v -84.6015 130.5000 -12.1645
v -84.6015 189.5000 -12.1645
v -71.0000 136.6250 -3.0000
v -63.0000 136.6250 -3.0000
v -63.0000 183.3750 -3.0000
v -71.0000 183.3750 -3.0000
v -71.0000 136.6250 3.0000
v -63.0000 136.6250 3.0000
v -63.0000 183.3750 3.0000
v -71.0000 183.3750 3.0000
v -75.7956 136.6250 21.1091
v -67.7956 136.6250 21.1091
v -67.7956 183.3750 21.1091
v -75.7956 183.3750 21.1091
v -75.7956 136.6250 27.1091
v -67.7956 136.6250 27.1091
v -67.7956 183.3750 27.1091
v -75.7956 183.3750 27.1091
v -89.4523 136.6250 41.5477
v -81.4523 136.6250 41.5477
v -81.4523 183.3750 41.5477
v -89.4523 183.3750 41.5477
v -89.4523 136.6250 47.5477
v -81.4523 136.6250 47.5477
v -81.4523 183.3750 47.5477
v -89.4523 183.3750 47.5477
v -109.8909 136.6250 55.2044
v -101.8909 136.6250 55.2044
v -101.8909 183.3750 55.2044
v -109.8909 183.3750 55.2044
v -109.8909 136.6250 61.2044
v -101.8909 136.6250 61.2044
v -101.8909 183.3750 61.2044
v -109.8909 183.3750 61.2044
v -134.0000 136.6250 60.0000
v -126.0000 136.6250 60.0000
v -126.0000 183.3750 60.0000
v -134.0000 183.3750 60.0000
v -134.0000 136.6250 66.0000
v -126.0000 136.6250 66.0000
v -126.0000 183.3750 66.0000
v -134.0000 183.3750 66.0000
v -158.1091 136.6250 55.2044
v -150.1091 136.6250 55.2044
v -150.1091 183.3750 55.2044
v -158.1091 183.3750 55.2044
v -158.1091 136.6250 61.2044
v -150.1091 136.6250 61.2044
v -150.1091 183.3750 61.2044
v -158.1091 183.3750 61.2044
v -178.5477 136.6250 41.5477
v -170.5477 136.6250 41.5477
v -170.5477 183.3750 41.5477
v -178.5477 183.3750 41.5477
v -178.5477 136.6250 47.5477
v -170.5477 136.6250 47.5477
v -170.5477 183.3750 47.5477
v -178.5477 183.3750 47.5477
v -192.2044 136.6250 21.1091
v -184.2044 136.6250 21.1091
v -184.2044 183.3750 21.1091
v -192.2044 183.3750 21.1091
v -192.2044 136.6250 27.1091
v -184.2044 136.6250 27.1091
v -184.2044 183.3750 27.1091
v -192.2044 183.3750 27.1091
v -197.0000 136.6250 -3.0000
v -189.0000 136.6250 -3.0000
v -189.0000 183.3750 -3.0000
v -197.0000 183.3750 -3.0000
v -197.0000 136.6250 3.0000
v -189.0000 136.6250 3.0000
v -189.0000 183.3750 3.0000
v -197.0000 183.3750 3.0000
v -192.2044 136.6250 -27.1091
v -184.2044 136.6250 -27.1091
v -184.2044 183.3750 -27.1091
v -192.2044 183.3750 -27.1091
v -192.2044 136.6250 -21.1091
v -184.2044 136.6250 -21.1091
v -184.2044 183.3750 -21.1091
v -192.2044 183.3750 -21.1091
v -178.5477 136.6250 -47.5477
v -170.5477 136.6250 -47.5477
v -170.5477 183.3750 -47.5477
v -178.5477 183.3750 -47.5477
v -178.5477 136.6250 -41.5477
v -170.5477 136.6250 -41.5477
v -170.5477 183.3750 -41.5477
v -178.5477 183.3750 -41.5477
v -158.1091 136.6250 -61.2044
v -150.1091 136.6250 -61.2044
v -150.1091 183.3750 -61.2044
v -158.1091 183.3750 -61.2044
v -158.1091 136.6250 -55.2044
v -150.1091 136.6250 -55.2044
v -150.1091 183.3750 -55.2044
v -158.1091 183.3750 -55.2044
v -134.0000 136.6250 -66.0000
v -126.0000 136.6250 -66.0000
v -126.0000 183.3750 -66.0000
v -134.0000 183.3750 -66.0000
v -134.0000 136.6250 -60.0000
v -126.0000 136.6250 -60.0000
v -126.0000 183.3750 -60.0000
v -134.0000 183.3750 -60.0000
v -109.8909 136.6250 -61.2044
v -101.8909 136.6250 -61.2044
v -101.8909 183.3750 -61.2044
v -109.8909 183.3750 -61.2044
v -109.8909 136.6250 -55.2044
v -101.8909 136.6250 -55.2044
v -101.8909 183.3750 -55.2044
v -109.8909 183.3750 -55.2044
v -89.4523 136.6250 -47.5477
v -81.4523 136.6250 -47.5477
v -81.4523 183.3750 -47.5477
v -89.4523 183.3750 -47.5477
v -89.4523 136.6250 -41.5477
v -81.4523 136.6250 -41.5477
v -81.4523 183.3750 -41.5477
v -89.4523 183.3750 -41.5477
v -75.7956 136.6250 -27.1091
v -67.7956 136.6250 -27.1091
v -67.7956 183.3750 -27.1091
v -75.7956 183.3750 -27.1091
v -75.7956 136.6250 -21.1091
v -67.7956 136.6250 -21.1091
v -67.7956 183.3750 -21.1091
v -75.7956 183.3750 -21.1091
v 130.0000 -132.5000 0.0000
v 130.0000 -57.5000 0.0000
v 148.5000 -132.5000 0.0000
v 148.5000 -57.5000 0.0000
v 147.3843 -132.5000 6.3274
v 147.3843 -57.5000 6.3274
v 144.1718 -132.5000 11.8916
v 144.1718 -57.5000 11.8916
v 139.2500 -132.5000 16.0215
v 139.2500 -57.5000 16.0215
v 133.2125 -132.5000 18.2189
v 133.2125 -57.5000 18.2189
v 126.7875 -132.5000 18.2189
v 126.7875 -57.5000 18.2189
v 120.7500 -132.5000 16.0215
v 120.7500 -57.5000 16.0215
v 115.8282 -132.5000 11.8916
v 115.8282 -57.5000 11.8916
v 112.6157 -132.5000 6.3274
v 112.6157 -57.5000 6.3274
v 111.5000 -132.5000 0.0000
v 111.5000 -57.5000 0.0000
v 112.6157 -132.5000 -6.3274
v 112.6157 -57.5000 -6.3274
v 115.8282 -132.5000 -11.8916
v 115.8282 -57.5000 -11.8916
v 120.7500 -132.5000 -16.0215
v 120.7500 -57.5000 -16.0215
v 126.7875 -132.5000 -18.2189
v 126.7875 -57.5000 -18.2189
v 133.2125 -132.5000 -18.2189
v 133.2125 -57.5000 -18.2189
v 139.2500 -132.5000 -16.0215
v 139.2500 -57.5000 -16.0215
v 144.1718 -132.5000 -11.8916
v 144.1718 -57.5000 -11.8916
v 147.3843 -132.5000 -6.3274
v 147.3843 -57.5000 -6.3274
v 130.0000 -142.5000 0.0000
v 130.0000 -117.5000 0.0000
v 136.0000 -142.5000 0.0000
v 136.0000 -117.5000 0.0000
v 135.1962 -142.5000 3.0000
v 135.1962 -117.5000 3.0000
v 133.0000 -142.5000 5.1962
v 133.0000 -117.5000 5.1962
v 130.0000 -142.5000 6.0000
v 130.0000 -117.5000 6.0000
v 127.0000 -142.5000 5.1962
v 127.0000 -117.5000 5.1962
v 124.8038 -142.5000 3.0000
v 124.8038 -117.5000 3.0000
v 124.0000 -142.5000 0.0000
v 124.0000 -117.5000 0.0000
v 124.8038 -142.5000 -3.0000
v 124.8038 -117.5000 -3.0000
v 127.0000 -142.5000 -5.1962
v 127.0000 -117.5000 -5.1962
v 130.0000 -142.5000 -6.0000
v 130.0000 -117.5000 -6.0000
v 133.0000 -142.5000 -5.1962
v 133.0000 -117.5000 -5.1962
v 135.1962 -142.5000 -3.0000
v 135.1962 -117.5000 -3.0000
v 130.0000 -187.5000 0.0000
v 130.0000 -132.5000 0.0000
v 195.0000 -187.5000 0.0000
v 195.0000 -132.5000 0.0000
v 193.3703 -187.5000 14.4639
v 193.3703 -132.5000 14.4639
v 188.5630 -187.5000 28.2024
v 188.5630 -132.5000 28.2024
v 180.8190 -187.5000 40.5268
v 180.8190 -132.5000 40.5268
v 170.5268 -187.5000 50.8190
v 170.5268 -132.5000 50.8190
v 158.2024 -187.5000 58.5630
v 158.2024 -132.5000 58.5630
v 144.4639 -187.5000 63.3703
v 144.4639 -132.5000 63.3703
v 130.0000 -187.5000 65.0000
v 130.0000 -132.5000 65.0000
v 115.5361 -187.5000 63.3703
v 115.5361 -132.5000 63.3703
v 101.7976 -187.5000 58.5630
v 101.7976 -132.5000 58.5630
v 89.4732 -187.5000 50.8190
v 89.4732 -132.5000 50.8190
v 79.1810 -187.5000 40.5268
v 79.1810 -132.5000 40.5268
v 71.4370 -187.5000 28.2024
v 71.4370 -132.5000 28.2024
v 66.6297 -187.5000 14.4639
v 66.6297 -132.5000 14.4639
v 65.0000 -187.5000 0.0000
v 65.0000 -132.5000 0.0000
v 66.6297 -187.5000 -14.4639
v 66.6297 -132.5000 -14.4639
v 71.4370 -187.5000 -28.2024
v 71.4370 -132.5000 -28.2024
v 79.1810 -187.5000 -40.5268
v 79.1810 -132.5000 -40.5268
v 89.4732 -187.5000 -50.8190
v 89.4732 -132.5000 -50.8190
v 101.7976 -187.5000 -58.5630
v 101.7976 -132.5000 -58.5630
v 115.5361 -187.5000 -63.3703
v 115.5361 -132.5000 -63.3703
v 130.0000 -187.5000 -65.0000
v 130.0000 -132.5000 -65.0000
v 144.4639 -187.5000 -63.3703
v 144.4639 -132.5000 -63.3703
v 158.2024 -187.5000 -58.5630
v 158.2024 -132.5000 -58.5630
v 170.5268 -187.5000 -50.8190
v 170.5268 -132.5000 -50.8190
v 180.8190 -187.5000 -40.5268
v 180.8190 -132.5000 -40.5268
v 188.5630 -187.5000 -28.2024
v 188.5630 -132.5000 -28.2024
v 193.3703 -187.5000 -14.4639
v 193.3703 -132.5000 -14.4639
v 130.0000 -189.5000 0.0000
v 130.0000 -130.5000 0.0000
v 177.0000 -189.5000 0.0000
v 177.0000 -130.5000 0.0000
v 175.3985 -189.5000 12.1645
v 175.3985 -130.5000 12.1645
v 170.7032 -189.5000 23.5000
v 170.7032 -130.5000 23.5000
v 163.2340 -189.5000 33.2340
v 163.2340 -130.5000 33.2340
v 153.5000 -189.5000 40.7032
v 153.5000 -130.5000 40.7032
v 142.1645 -189.5000 45.3985
v 142.1645 -130.5000 45.3985
v 130.0000 -189.5000 47.0000
v 130.0000 -130.5000 47.0000
v 117.8355 -189.5000 45.3985
v 117.8355 -130.5000 45.3985
v 106.5000 -189.5000 40.7032
v 106.5000 -130.5000 40.7032
v 96.7660 -189.5000 33.2340
v 96.7660 -130.5000 33.2340
v 89.2968 -189.5000 23.5000
v 89.2968 -130.5000 23.5000
v 84.6015 -189.5000 12.1645
v 84.6015 -130.5000 12.1645
v 83.0000 -189.5000 0.0000
v 83.0000 -130.5000 0.0000
v 84.6015 -189.5000 -12.1645
v 84.6015 -130.5000 -12.1645
v 89.2968 -189.5000 -23.5000
v 89.2968 -130.5000 -23.5000
v 96.7660 -189.5000 -33.2340
v 96.7660 -130.5000 -33.2340
v 106.5000 -189.5000 -40.7032
v 106.5000 -130.5000 -40.7032
v 117.8355 -189.5000 -45.3985
v 117.8355 -130.5000 -45.3985
v 130.0000 -189.5000 -47.0000
v 130.0000 -130.5000 -47.0000
v 142.1645 -189.5000 -45.3985
v 142.1645 -130.5000 -45.3985
v 153.5000 -189.5000 -40.7032
v 153.5000 -130.5000 -40.7032
v 163.2340 -189.5000 -33.2340
v 163.2340 -130.5000 -33.2340
v 170.7032 -189.5000 -23.5000
v 170.7032 -130.5000 -23.5000
v 175.3985 -189.5000 -12.1645
v 175.3985 -130.5000 -12.1645
v 189.0000 -183.3750 -3.0000
v 197.0000 -183.3750 -3.0000
v 197.0000 -136.6250 -3.0000
v 189.0000 -136.6250 -3.0000
v 189.0000 -183.3750 3.0000
v 197.0000 -183.3750 3.0000
v 197.0000 -136.6250 3.0000
v 189.0000 -136.6250 3.0000
v 184.2044 -183.3750 21.1091
v 192.2044 -183.3750 21.1091
v 192.2044 -136.6250 21.1091
v 184.2044 -136.6250 21.1091
v 184.2044 -183.3750 27.1091
v 192.2044 -183.3750 27.1091
v 192.2044 -136.6250 27.1091
v 184.2044 -136.6250 27.1091
v 170.5477 -183.3750 41.5477
v 178.5477 -183.3750 41.5477
v 178.5477 -136.6250 41.5477
v 170.5477 -136.6250 41.5477
v 170.5477 -183.3750 47.5477
v 178.5477 -183.3750 47.5477
v 178.5477 -136.6250 47.5477
v 170.5477 -136.6250 47.5477
v 150.1091 -183.3750 55.2044
v 158.1091 -183.3750 55.2044
v 158.1091 -136.6250 55.2044
v 150.1091 -136.6250 55.2044
v 150.1091 -183.3750 61.2044
v 158.1091 -183.3750 61.2044
v 158.1091 -136.6250 61.2044
v 150.1091 -136.6250 61.2044
v 126.0000 -183.3750 60.0000
v 134.0000 -183.3750 60.0000
v 134.0000 -136.6250 60.0000
v 126.0000 -136.6250 60.0000
v 126.0000 -183.3750 66.0000
v 134.0000 -183.3750 66.0000
v 134.0000 -136.6250 66.0000
v 126.0000 -136.6250 66.0000
v 101.8909 -183.3750 55.2044
v 109.8909 -183.3750 55.2044
v 109.8909 -136.6250 55.2044
v 101.8909 -136.6250 55.2044
v 101.8909 -183.3750 61.2044
v 109.8909 -183.3750 61.2044
v 109.8909 -136.6250 61.2044
v 101.8909 -136.6250 61.2044
v 81.4523 -183.3750 41.5477
v 89.4523 -183.3750 41.5477
v 89.4523 -136.6250 41.5477
v 81.4523 -136.6250 41.5477
v 81.4523 -183.3750 47.5477
v 89.4523 -183.3750 47.5477
v 89.4523 -136.6250 47.5477
v 81.4523 -136.6250 47.5477
v 67.7956 -183.3750 21.1091
v 75.7956 -183.3750 21.1091
v 75.7956 -136.6250 21.1091
v 67.7956 -136.6250 21.1091
v 67.7956 -183.3750 27.1091
v 75.7956 -183.3750 27.1091
v 75.7956 -136.6250 27.1091
v 67.7956 -136.6250 27.1091
v 63.0000 -183.3750 -3.0000
v 71.0000 -183.3750 -3.0000
v 71.0000 -136.6250 -3.0000
v 63.0000 -136.6250 -3.0000
v 63.0000 -183.3750 3.0000
v 71.0000 -183.3750 3.0000
v 71.0000 -136.6250 3.0000
v 63.0000 -136.6250 3.0000
v 67.7956 -183.3750 -27.1091
v 75.7956 -183.3750 -27.1091
v 75.7956 -136.6250 -27.1091
v 67.7956 -136.6250 -27.1091
v 67.7956 -183.3750 -21.1091
v 75.7956 -183.3750 -21.1091
v 75.7956 -136.6250 -21.1091
v 67.7956 -136.6250 -21.1091
v 81.4523 -183.3750 -47.5477
v 89.4523 -183.3750 -47.5477
v 89.4523 -136.6250 -47.5477
v 81.4523 -136.6250 -47.5477
v 81.4523 -183.3750 -41.5477
v 89.4523 -183.3750 -41.5477
v 89.4523 -136.6250 -41.5477
v 81.4523 -136.6250 -41.5477
v 101.8909 -183.3750 -61.2044
v 109.8909 -183.3750 -61.2044
v 109.8909 -136.6250 -61.2044
v 101.8909 -136.6250 -61.2044
v 101.8909 -183.3750 -55.2044
v 109.8909 -183.3750 -55.2044
v 109.8909 -136.6250 -55.2044
v 101.8909 -136.6250 -55.2044
v 126.0000 -183.3750 -66.0000
v 134.0000 -183.3750 -66.0000
v 134.0000 -136.6250 -66.0000
v 126.0000 -136.6250 -66.0000
v 126.0000 -183.3750 -60.0000
v 134.0000 -183.3750 -60.0000
v 134.0000 -136.6250 -60.0000
v 126.0000 -136.6250 -60.0000
v 150.1091 -183.3750 -61.2044
v 158.1091 -183.3750 -61.2044
v 158.1091 -136.6250 -61.2044
v 150.1091 -136.6250 -61.2044
v 150.1091 -183.3750 -55.2044
v 158.1091 -183.3750 -55.2044
v 158.1091 -136.6250 -55.2044
v 150.1091 -136.6250 -55.2044
v 170.5477 -183.3750 -47.5477
v 178.5477 -183.3750 -47.5477
v 178.5477 -136.6250 -47.5477
v 170.5477 -136.6250 -47.5477
v 170.5477 -183.3750 -41.5477
v 178.5477 -183.3750 -41.5477
v 178.5477 -136.6250 -41.5477
v 170.5477 -136.6250 -41.5477
v 184.2044 -183.3750 -27.1091
v 192.2044 -183.3750 -27.1091
v 192.2044 -136.6250 -27.1091
v 184.2044 -136.6250 -27.1091
v 184.2044 -183.3750 -21.1091
v 192.2044 -183.3750 -21.1091
v 192.2044 -136.6250 -21.1091
v 184.2044 -136.6250 -21.1091
v 130.0000 57.5000 0.0000
v 130.0000 132.5000 0.0000
v 148.5000 57.5000 0.0000
v 148.5000 132.5000 0.0000
v 147.3843 57.5000 6.3274
v 147.3843 132.5000 6.3274
v 144.1718 57.5000 11.8916
v 144.1718 132.5000 11.8916
v 139.2500 57.5000 16.0215
v 139.2500 132.5000 16.0215
v 133.2125 57.5000 18.2189
v 133.2125 132.5000 18.2189
v 126.7875 57.5000 18.2189
v 126.7875 132.5000 18.2189
v 120.7500 57.5000 16.0215
v 120.7500 132.5000 16.0215
v 115.8282 57.5000 11.8916
v 115.8282 132.5000 11.8916
v 112.6157 57.5000 6.3274
v 112.6157 132.5000 6.3274
v 111.5000 57.5000 0.0000
v 111.5000 132.5000 0.0000
v 112.6157 57.5000 -6.3274
v 112.6157 132.5000 -6.3274
v 115.8282 57.5000 -11.8916
v 115.8282 132.5000 -11.8916
v 120.7500 57.5000 -16.0215
v 120.7500 132.5000 -16.0215
v 126.7875 57.5000 -18.2189
v 126.7875 132.5000 -18.2189
v 133.2125 57.5000 -18.2189
v 133.2125 132.5000 -18.2189
v 139.2500 57.5000 -16.0215
v 139.2500 132.5000 -16.0215
v 144.1718 57.5000 -11.8916
v 144.1718 132.5000 -11.8916
v 147.3843 57.5000 -6.3274
v 147.3843 132.5000 -6.3274
v 130.0000 117.5000 0.0000
v 130.0000 142.5000 0.0000
v 136.0000 117.5000 0.0000
v 136.0000 142.5000 0.0000
v 135.1962 117.5000 3.0000
v 135.1962 142.5000 3.0000
v 133.0000 117.5000 5.1962
v 133.0000 142.5000 5.1962
v 130.0000 117.5000 6.0000
v 130.0000 142.5000 6.0000
v 127.0000 117.5000 5.1962
v 127.0000 142.5000 5.1962
v 124.8038 117.5000 3.0000
v 124.8038 142.5000 3.0000
v 124.0000 117.5000 0.0000
v 124.0000 142.5000 0.0000
v 124.8038 117.5000 -3.0000
v 124.8038 142.5000 -3.0000
v 127.0000 117.5000 -5.1962
v 127.0000 142.5000 -5.1962
v 130.0000 117.5000 -6.0000
v 130.0000 142.5000 -6.0000
v 133.0000 117.5000 -5.1962
v 133.0000 142.5000 -5.1962
v 135.1962 117.5000 -3.0000
v 135.1962 142.5000 -3.0000
v 130.0000 132.5000 0.0000
v 130.0000 187.5000 0.0000
v 195.0000 132.5000 0.0000
v 195.0000 187.5000 0.0000
v 193.3703 132.5000 14.4639
v 193.3703 187.5000 14.4639
v 188.5630 132.5000 28.2024
v 188.5630 187.5000 28.2024
v 180.8190 132.5000 40.5268
v 180.8190 187.5000 40.5268
v 170.5268 132.5000 50.8190
v 170.5268 187.5000 50.8190
v 158.2024 132.5000 58.5630
v 158.2024 187.5000 58.5630
v 144.4639 132.5000 63.3703
v 144.4639 187.5000 63.3703
v 130.0000 132.5000 65.0000
v 130.0000 187.5000 65.0000
v 115.5361 132.5000 63.3703
v 115.5361 187.5000 63.3703
v 101.7976 132.5000 58.5630
v 101.7976 187.5000 58.5630
v 89.4732 132.5000 50.8190
v 89.4732 187.5000 50.8190
v 79.1810 132.5000 40.5268
v 79.1810 187.5000 40.5268
v 71.4370 132.5000 28.2024
v 71.4370 187.5000 28.2024
v 66.6297 132.5000 14.4639
v 66.6297 187.5000 14.4639
v 65.0000 132.5000 0.0000
v 65.0000 187.5000 0.0000
v 66.6297 132.5000 -14.4639
v 66.6297 187.5000 -14.4639
v 71.4370 132.5000 -28.2024
v 71.4370 187.5000 -28.2024
v 79.1810 132.5000 -40.5268
v 79.1810 187.5000 -40.5268
v 89.4732 132.5000 -50.8190
v 89.4732 187.5000 -50.8190
v 101.7976 132.5000 -58.5630
v 101.7976 187.5000 -58.5630
v 115.5361 132.5000 -63.3703
v 115.5361 187.5000 -63.3703
v 130.0000 132.5000 -65.0000
v 130.0000 187.5000 -65.0000
v 144.4639 132.5000 -63.3703
v 144.4639 187.5000 -63.3703
v 158.2024 132.5000 -58.5630
v 158.2024 187.5000 -58.5630
v 170.5268 132.5000 -50.8190
v 170.5268 187.5000 -50.8190
v 180.8190 132.5000 -40.5268
v 180.8190 187.5000 -40.5268
v 188.5630 132.5000 -28.2024
v 188.5630 187.5000 -28.2024
v 193.3703 132.5000 -14.4639
v 193.3703 187.5000 -14.4639
v 130.0000 130.5000 0.0000
v 130.0000 189.5000 0.0000
v 177.0000 130.5000 0.0000
v 177.0000 189.5000 0.0000
v 175.3985 130.5000 12.1645
v 175.3985 189.5000 12.1645
v 170.7032 130.5000 23.5000
v 170.7032 189.5000 23.5000
v 163.2340 130.5000 33.2340
v 163.2340 189.5000 33.2340
v 153.5000 130.5000 40.7032
v 153.5000 189.5000 40.7032
v 142.1645 130.5000 45.3985
v 142.1645 189.5000 45.3985
v 130.0000 130.5000 47.0000
v 130.0000 189.5000 47.0000
v 117.8355 130.5000 45.3985
v 117.8355 189.5000 45.3985
v 106.5000 130.5000 40.7032
v 106.5000 189.5000 40.7032
v 96.7660 130.5000 33.2340
v 96.7660 189.5000 33.2340
v 89.2968 130.5000 23.5000
v 89.2968 189.5000 23.5000
v 84.6015 130.5000 12.1645
v 84.6015 189.5000 12.1645
v 83.0000 130.5000 0.0000
v 83.0000 189.5000 0.0000
v 84.6015 130.5000 -12.1645
v 84.6015 189.5000 -12.1645
v 89.2968 130.5000 -23.5000
v 89.2968 189.5000 -23.5000
v 96.7660 130.5000 -33.2340
v 96.7660 189.5000 -33.2340
v 106.5000 130.5000 -40.7032
v 106.5000 189.5000 -40.7032
v 117.8355 130.5000 -45.3985
v 117.8355 189.5000 -45.3985
v 130.0000 130.5000 -47.0000
v 130.0000 189.5000 -47.0000
v 142.1645 130.5000 -45.3985
v 142.1645 189.5000 -45.3985
v 153.5000 130.5000 -40.7032
v 153.5000 189.5000 -40.7032
v 163.2340 130.5000 -33.2340
v 163.2340 189.5000 -33.2340
v 170.7032 130.5000 -23.5000
v 170.7032 189.5000 -23.5000
v 175.3985 130.5000 -12.1645
v 175.3985 189.5000 -12.1645
v 189.0000 136.6250 -3.0000
v 197.0000 136.6250 -3.0000
v 197.0000 183.3750 -3.0000
v 189.0000 183.3750 -3.0000
v 189.0000 136.6250 3.0000
v 197.0000 136.6250 3.0000
v 197.0000 183.3750 3.0000
v 189.0000 183.3750 3.0000
v 184.2044 136.6250 21.1091
v 192.2044 136.6250 21.1091
v 192.2044 183.3750 21.1091
v 184.2044 183.3750 21.1091
v 184.2044 136.6250 27.1091
v 192.2044 136.6250 27.1091
v 192.2044 183.3750 27.1091
v 184.2044 183.3750 27.1091
v 170.5477 136.6250 41.5477
v 178.5477 136.6250 41.5477
v 178.5477 183.3750 41.5477
v 170.5477 183.3750 41.5477
v 170.5477 136.6250 47.5477
v 178.5477 136.6250 47.5477
v 178.5477 183.3750 47.5477
v 170.5477 183.3750 47.5477
v 150.1091 136.6250 55.2044
v 158.1091 136.6250 55.2044
v 158.1091 183.3750 55.2044
v 150.1091 183.3750 55.2044
v 150.1091 136.6250 61.2044
v 158.1091 136.6250 61.2044
v 158.1091 183.3750 61.2044
v 150.1091 183.3750 61.2044
v 126.0000 136.6250 60.0000
v 134.0000 136.6250 60.0000
v 134.0000 183.3750 60.0000
v 126.0000 183.3750 60.0000
v 126.0000 136.6250 66.0000
v 134.0000 136.6250 66.0000
v 134.0000 183.3750 66.0000
v 126.0000 183.3750 66.0000
v 101.8909 136.6250 55.2044
v 109.8909 136.6250 55.2044
v 109.8909 183.3750 55.2044
v 101.8909 183.3750 55.2044
v 101.8909 136.6250 61.2044
v 109.8909 136.6250 61.2044
v 109.8909 183.3750 61.2044
v 101.8909 183.3750 61.2044
v 81.4523 136.6250 41.5477
v 89.4523 136.6250 41.5477
v 89.4523 183.3750 41.5477
v 81.4523 183.3750 41.5477
v 81.4523 136.6250 47.5477
v 89.4523 136.6250 47.5477
v 89.4523 183.3750 47.5477
v 81.4523 183.3750 47.5477
v 67.7956 136.6250 21.1091
v 75.7956 136.6250 21.1091
v 75.7956 183.3750 21.1091
v 67.7956 183.3750 21.1091
v 67.7956 136.6250 27.1091
v 75.7956 136.6250 27.1091
v 75.7956 183.3750 27.1091
v 67.7956 183.3750 27.1091
v 63.0000 136.6250 -3.0000
v 71.0000 136.6250 -3.0000
v 71.0000 183.3750 -3.0000
v 63.0000 183.3750 -3.0000
v 63.0000 136.6250 3.0000
v 71.0000 136.6250 3.0000
v 71.0000 183.3750 3.0000
v 63.0000 183.3750 3.0000
v 67.7956 136.6250 -27.1091
v 75.7956 136.6250 -27.1091
v 75.7956 183.3750 -27.1091
v 67.7956 183.3750 -27.1091
v 67.7956 136.6250 -21.1091
v 75.7956 136.6250 -21.1091
v 75.7956 183.3750 -21.1091
v 67.7956 183.3750 -21.1091
v 81.4523 136.6250 -47.5477
v 89.4523 136.6250 -47.5477
v 89.4523 183.3750 -47.5477
v 81.4523 183.3750 -47.5477
v 81.4523 136.6250 -41.5477
v 89.4523 136.6250 -41.5477
v 89.4523 183.3750 -41.5477
v 81.4523 183.3750 -41.5477
v 101.8909 136.6250 -61.2044
v 109.8909 136.6250 -61.2044
v 109.8909 183.3750 -61.2044
v 101.8909 183.3750 -61.2044
v 101.8909 136.6250 -55.2044
v 109.8909 136.6250 -55.2044
v 109.8909 183.3750 -55.2044
v 101.8909 183.3750 -55.2044
v 126.0000 136.6250 -66.0000
v 134.0000 136.6250 -66.0000
v 134.0000 183.3750 -66.0000
v 126.0000 183.3750 -66.0000
v 126.0000 136.6250 -60.0000
v 134.0000 136.6250 -60.0000
v 134.0000 183.3750 -60.0000
v 126.0000 183.3750 -60.0000
v 150.1091 136.6250 -61.2044
v 158.1091 136.6250 -61.2044
v 158.1091 183.3750 -61.2044
v 150.1091 183.3750 -61.2044
v 150.1091 136.6250 -55.2044
v 158.1091 136.6250 -55.2044
v 158.1091 183.3750 -55.2044
v 150.1091 183.3750 -55.2044
v 170.5477 136.6250 -47.5477
v 178.5477 136.6250 -47.5477
v 178.5477 183.3750 -47.5477
v 170.5477 183.3750 -47.5477
v 170.5477 136.6250 -41.5477
v 178.5477 136.6250 -41.5477
v 178.5477 183.3750 -41.5477
v 170.5477 183.3750 -41.5477
v 184.2044 136.6250 -27.1091
v 192.2044 136.6250 -27.1091
v 192.2044 183.3750 -27.1091
v 184.2044 183.3750 -27.1091
v 184.2044 136.6250 -21.1091
v 192.2044 136.6250 -21.1091
v 192.2044 183.3750 -21.1091
v 184.2044 183.3750 -21.1091
v -150.0000 -105.0000 23.5000
v 110.0000 -105.0000 23.5000
v 110.0000 105.0000 23.5000
v -150.0000 105.0000 23.5000
v -150.0000 -105.0000 26.5000
v 110.0000 -105.0000 26.5000
v 110.0000 105.0000 26.5000
v -150.0000 105.0000 26.5000
v -132.5000 -60.0000 27.5000
v -37.5000 -60.0000 27.5000
v -37.5000 60.0000 27.5000
v -132.5000 60.0000 27.5000
v -132.5000 -60.0000 72.5000
v -37.5000 -60.0000 72.5000
v -37.5000 60.0000 72.5000
v -132.5000 60.0000 72.5000
v 8.5000 -81.5000 28.0000
v 51.5000 -81.5000 28.0000
v 51.5000 -38.5000 28.0000
v 8.5000 -38.5000 28.0000
v 8.5000 -81.5000 32.0000
v 51.5000 -81.5000 32.0000
v 51.5000 -38.5000 32.0000
v 8.5000 -38.5000 32.0000
v 18.0000 -70.0000 32.0000
v 42.0000 -70.0000 32.0000
v 42.0000 -50.0000 32.0000
v 18.0000 -50.0000 32.0000
v 18.0000 -70.0000 48.0000
v 42.0000 -70.0000 48.0000
v 42.0000 -50.0000 48.0000
v 18.0000 -50.0000 48.0000
v 8.5000 38.5000 28.0000
v 51.5000 38.5000 28.0000
v 51.5000 81.5000 28.0000
v 8.5000 81.5000 28.0000
v 8.5000 38.5000 32.0000
v 51.5000 38.5000 32.0000
v 51.5000 81.5000 32.0000
v 8.5000 81.5000 32.0000
v 18.0000 50.0000 32.0000
v 42.0000 50.0000 32.0000
v 42.0000 70.0000 32.0000
v 18.0000 70.0000 32.0000
v 18.0000 50.0000 48.0000
v 42.0000 50.0000 48.0000
v 42.0000 70.0000 48.0000
v 18.0000 70.0000 48.0000
v 7.5000 -14.0000 28.0000
v 62.5000 -14.0000 28.0000
v 62.5000 14.0000 28.0000
v 7.5000 14.0000 28.0000
v 7.5000 -14.0000 32.0000
v 62.5000 -14.0000 32.0000
v 62.5000 14.0000 32.0000
v 7.5000 14.0000 32.0000
v 31.0000 -9.0000 32.0000
v 49.0000 -9.0000 32.0000
v 49.0000 9.0000 32.0000
v 31.0000 9.0000 32.0000
v 31.0000 -9.0000 36.0000
v 49.0000 -9.0000 36.0000
v 49.0000 9.0000 36.0000
v 31.0000 9.0000 36.0000
v 200.0000 -13.5000 35.0000
v 204.0000 -13.5000 35.0000
v 204.0000 13.5000 35.0000
v 200.0000 13.5000 35.0000
v 200.0000 -13.5000 75.0000
v 204.0000 -13.5000 75.0000
v 204.0000 13.5000 75.0000
v 200.0000 13.5000 75.0000
v 202.0000 0.0000 58.0000
v 210.0000 0.0000 58.0000
v 202.0000 5.0000 58.0000
v 210.0000 5.0000 58.0000
v 202.0000 4.6194 59.9134
v 210.0000 4.6194 59.9134
v 202.0000 3.5355 61.5355
v 210.0000 3.5355 61.5355
v 202.0000 1.9134 62.6194
v 210.0000 1.9134 62.6194
v 202.0000 0.0000 63.0000
v 210.0000 0.0000 63.0000
v 202.0000 -1.9134 62.6194
v 210.0000 -1.9134 62.6194
v 202.0000 -3.5355 61.5355
v 210.0000 -3.5355 61.5355
v 202.0000 -4.6194 59.9134
v 210.0000 -4.6194 59.9134
v 202.0000 -5.0000 58.0000
v 210.0000 -5.0000 58.0000
v 202.0000 -4.6194 56.0866
v 210.0000 -4.6194 56.0866
v 202.0000 -3.5355 54.4645
v 210.0000 -3.5355 54.4645
v 202.0000 -1.9134 53.3806
v 210.0000 -1.9134 53.3806
v 202.0000 -0.0000 53.0000
v 210.0000 -0.0000 53.0000
v 202.0000 1.9134 53.3806
v 210.0000 1.9134 53.3806
v 202.0000 3.5355 54.4645
v 210.0000 3.5355 54.4645
v 202.0000 4.6194 56.0866
v 210.0000 4.6194 56.0866
v 200.0000 -22.5000 20.0000
v 204.0000 -22.5000 20.0000
v 204.0000 22.5000 20.0000
v 200.0000 22.5000 20.0000
v 200.0000 -22.5000 40.0000
v 204.0000 -22.5000 40.0000
v 204.0000 22.5000 40.0000
v 200.0000 22.5000 40.0000
v 203.0000 -13.0000 30.0000
v 213.0000 -13.0000 30.0000
v 203.0000 -5.0000 30.0000
v 213.0000 -5.0000 30.0000
v 203.0000 -5.6090 33.0615
v 213.0000 -5.6090 33.0615
v 203.0000 -7.3431 35.6569
v 213.0000 -7.3431 35.6569
v 203.0000 -9.9385 37.3910
v 213.0000 -9.9385 37.3910
v 203.0000 -13.0000 38.0000
v 213.0000 -13.0000 38.0000
v 203.0000 -16.0615 37.3910
v 213.0000 -16.0615 37.3910
v 203.0000 -18.6569 35.6569
v 213.0000 -18.6569 35.6569
v 203.0000 -20.3910 33.0615
v 213.0000 -20.3910 33.0615
v 203.0000 -21.0000 30.0000
v 213.0000 -21.0000 30.0000
v 203.0000 -20.3910 26.9385
v 213.0000 -20.3910 26.9385
v 203.0000 -18.6569 24.3431
v 213.0000 -18.6569 24.3431
v 203.0000 -16.0615 22.6090
v 213.0000 -16.0615 22.6090
v 203.0000 -13.0000 22.0000
v 213.0000 -13.0000 22.0000
v 203.0000 -9.9385 22.6090
v 213.0000 -9.9385 22.6090
v 203.0000 -7.3431 24.3431
v 213.0000 -7.3431 24.3431
v 203.0000 -5.6090 26.9385
v 213.0000 -5.6090 26.9385
v 203.0000 13.0000 30.0000
v 213.0000 13.0000 30.0000
v 203.0000 21.0000 30.0000
v 213.0000 21.0000 30.0000
v 203.0000 20.3910 33.0615
v 213.0000 20.3910 33.0615
v 203.0000 18.6569 35.6569
v 213.0000 18.6569 35.6569
v 203.0000 16.0615 37.3910
v 213.0000 16.0615 37.3910
v 203.0000 13.0000 38.0000
v 213.0000 13.0000 38.0000
v 203.0000 9.9385 37.3910
v 213.0000 9.9385 37.3910
v 203.0000 7.3431 35.6569
v 213.0000 7.3431 35.6569
v 203.0000 5.6090 33.0615
v 213.0000 5.6090 33.0615
v 203.0000 5.0000 30.0000
v 213.0000 5.0000 30.0000
v 203.0000 5.6090 26.9385
v 213.0000 5.6090 26.9385
v 203.0000 7.3431 24.3431
v 213.0000 7.3431 24.3431
v 203.0000 9.9385 22.6090
v 213.0000 9.9385 22.6090
v 203.0000 13.0000 22.0000
v 213.0000 13.0000 22.0000
v 203.0000 16.0615 22.6090
v 213.0000 16.0615 22.6090
v 203.0000 18.6569 24.3431
v 213.0000 18.6569 24.3431
v 203.0000 20.3910 26.9385
v 213.0000 20.3910 26.9385
v 122.5000 -45.0000 106.0000
v 167.5000 -45.0000 106.0000
v 167.5000 45.0000 106.0000
v 122.5000 45.0000 106.0000
v 122.5000 -45.0000 114.0000
v 167.5000 -45.0000 114.0000
v 167.5000 45.0000 114.0000
v 122.5000 45.0000 114.0000
v 122.5000 -45.0000 6.0000
v 167.5000 -45.0000 6.0000
v 167.5000 45.0000 6.0000
v 122.5000 45.0000 6.0000
v 122.5000 -45.0000 14.0000
v 167.5000 -45.0000 14.0000
v 167.5000 45.0000 14.0000
v 122.5000 45.0000 14.0000
v 124.0000 -21.0000 125.0000
v 166.0000 -21.0000 125.0000
v 166.0000 21.0000 125.0000
v 124.0000 21.0000 125.0000
v 124.0000 -21.0000 165.0000
v 166.0000 -21.0000 165.0000
v 166.0000 21.0000 165.0000
v 124.0000 21.0000 165.0000
v 145.0000 -28.0000 -5.0000
v 145.0000 -28.0000 135.0000
v 149.0000 -28.0000 -5.0000
v 149.0000 -28.0000 135.0000
v 148.6039 -26.2645 -5.0000
v 148.6039 -26.2645 135.0000
v 147.4940 -24.8727 -5.0000
v 147.4940 -24.8727 135.0000
v 145.8901 -24.1003 -5.0000
v 145.8901 -24.1003 135.0000
v 144.1099 -24.1003 -5.0000
v 144.1099 -24.1003 135.0000
v 142.5060 -24.8727 -5.0000
v 142.5060 -24.8727 135.0000
v 141.3961 -26.2645 -5.0000
v 141.3961 -26.2645 135.0000
v 141.0000 -28.0000 -5.0000
v 141.0000 -28.0000 135.0000
v 141.3961 -29.7355 -5.0000
v 141.3961 -29.7355 135.0000
v 142.5060 -31.1273 -5.0000
v 142.5060 -31.1273 135.0000
v 144.1099 -31.8997 -5.0000
v 144.1099 -31.8997 135.0000
v 145.8901 -31.8997 -5.0000
v 145.8901 -31.8997 135.0000
v 147.4940 -31.1273 -5.0000
v 147.4940 -31.1273 135.0000
v 148.6039 -29.7355 -5.0000
v 148.6039 -29.7355 135.0000
v 145.0000 28.0000 -5.0000
v 145.0000 28.0000 135.0000
v 149.0000 28.0000 -5.0000
v 149.0000 28.0000 135.0000
v 148.6039 29.7355 -5.0000
v 148.6039 29.7355 135.0000
v 147.4940 31.1273 -5.0000
v 147.4940 31.1273 135.0000
v 145.8901 31.8997 -5.0000
v 145.8901 31.8997 135.0000
v 144.1099 31.8997 -5.0000
v 144.1099 31.8997 135.0000
v 142.5060 31.1273 -5.0000
v 142.5060 31.1273 135.0000
v 141.3961 29.7355 -5.0000
v 141.3961 29.7355 135.0000
v 141.0000 28.0000 -5.0000
v 141.0000 28.0000 135.0000
v 141.3961 26.2645 -5.0000
v 141.3961 26.2645 135.0000
v 142.5060 24.8727 -5.0000
v 142.5060 24.8727 135.0000
v 144.1099 24.1003 -5.0000
v 144.1099 24.1003 135.0000
v 145.8901 24.1003 -5.0000
v 145.8901 24.1003 135.0000
v 147.4940 24.8727 -5.0000
v 147.4940 24.8727 135.0000
v 148.6039 26.2645 -5.0000
v 148.6039 26.2645 135.0000
v 145.0000 0.0000 -5.0000
v 145.0000 0.0000 135.0000
v 149.0000 0.0000 -5.0000
v 149.0000 0.0000 135.0000
v 148.6039 1.7355 -5.0000
v 148.6039 1.7355 135.0000
v 147.4940 3.1273 -5.0000
v 147.4940 3.1273 135.0000
v 145.8901 3.8997 -5.0000
v 145.8901 3.8997 135.0000
v 144.1099 3.8997 -5.0000
v 144.1099 3.8997 135.0000
v 142.5060 3.1273 -5.0000
v 142.5060 3.1273 135.0000
v 141.3961 1.7355 -5.0000
v 141.3961 1.7355 135.0000
v 141.0000 0.0000 -5.0000
v 141.0000 0.0000 135.0000
v 141.3961 -1.7355 -5.0000
v 141.3961 -1.7355 135.0000
v 142.5060 -3.1273 -5.0000
v 142.5060 -3.1273 135.0000
v 144.1099 -3.8997 -5.0000
v 144.1099 -3.8997 135.0000
v 145.8901 -3.8997 -5.0000
v 145.8901 -3.8997 135.0000
v 147.4940 -3.1273 -5.0000
v 147.4940 -3.1273 135.0000
v 148.6039 -1.7355 -5.0000
v 148.6039 -1.7355 135.0000
v 126.0000 -37.5000 34.0000
v 164.0000 -37.5000 34.0000
v 164.0000 37.5000 34.0000
v 126.0000 37.5000 34.0000
v 126.0000 -37.5000 56.0000
v 164.0000 -37.5000 56.0000
v 164.0000 37.5000 56.0000
v 126.0000 37.5000 56.0000
v 151.0000 -12.5000 31.0000
v 169.0000 -12.5000 31.0000
v 169.0000 12.5000 31.0000
v 151.0000 12.5000 31.0000
v 151.0000 -12.5000 39.0000
v 169.0000 -12.5000 39.0000
v 169.0000 12.5000 39.0000
v 151.0000 12.5000 39.0000
v 145.0000 0.0000 -85.0000
v 145.0000 0.0000 35.0000
v 152.0000 0.0000 -85.0000
v 152.0000 0.0000 35.0000
v 151.6574 2.1631 -85.0000
v 151.6574 2.1631 35.0000
v 150.6631 4.1145 -85.0000
v 150.6631 4.1145 35.0000
v 149.1145 5.6631 -85.0000
v 149.1145 5.6631 35.0000
v 147.1631 6.6574 -85.0000
v 147.1631 6.6574 35.0000
v 145.0000 7.0000 -85.0000
v 145.0000 7.0000 35.0000
v 142.8369 6.6574 -85.0000
v 142.8369 6.6574 35.0000
v 140.8855 5.6631 -85.0000
v 140.8855 5.6631 35.0000
v 139.3369 4.1145 -85.0000
v 139.3369 4.1145 35.0000
v 138.3426 2.1631 -85.0000
v 138.3426 2.1631 35.0000
v 138.0000 0.0000 -85.0000
v 138.0000 0.0000 35.0000
v 138.3426 -2.1631 -85.0000
v 138.3426 -2.1631 35.0000
v 139.3369 -4.1145 -85.0000
v 139.3369 -4.1145 35.0000
v 140.8855 -5.6631 -85.0000
v 140.8855 -5.6631 35.0000
v 142.8369 -6.6574 -85.0000
v 142.8369 -6.6574 35.0000
v 145.0000 -7.0000 -85.0000
v 145.0000 -7.0000 35.0000
v 147.1631 -6.6574 -85.0000
v 147.1631 -6.6574 35.0000
v 149.1145 -5.6631 -85.0000
v 149.1145 -5.6631 35.0000
v 150.6631 -4.1145 -85.0000
v 150.6631 -4.1145 35.0000
v 151.6574 -2.1631 -85.0000
v 151.6574 -2.1631 35.0000
v 145.0000 0.0000 -71.0000
v 145.0000 0.0000 -59.0000
v 152.5000 0.0000 -71.0000
v 152.5000 0.0000 -59.0000
v 152.1329 2.3176 -71.0000
v 152.1329 2.3176 -59.0000
v 151.0676 4.4084 -71.0000
v 151.0676 4.4084 -59.0000
v 149.4084 6.0676 -71.0000
v 149.4084 6.0676 -59.0000
v 147.3176 7.1329 -71.0000
v 147.3176 7.1329 -59.0000
v 145.0000 7.5000 -71.0000
v 145.0000 7.5000 -59.0000
v 142.6824 7.1329 -71.0000
v 142.6824 7.1329 -59.0000
v 140.5916 6.0676 -71.0000
v 140.5916 6.0676 -59.0000
v 138.9324 4.4084 -71.0000
v 138.9324 4.4084 -59.0000
v 137.8671 2.3176 -71.0000
v 137.8671 2.3176 -59.0000
v 137.5000 0.0000 -71.0000
v 137.5000 0.0000 -59.0000
v 137.8671 -2.3176 -71.0000
v 137.8671 -2.3176 -59.0000
v 138.9324 -4.4084 -71.0000
v 138.9324 -4.4084 -59.0000
v 140.5916 -6.0676 -71.0000
v 140.5916 -6.0676 -59.0000
v 142.6824 -7.1329 -71.0000
v 142.6824 -7.1329 -59.0000
v 145.0000 -7.5000 -71.0000
v 145.0000 -7.5000 -59.0000
v 147.3176 -7.1329 -71.0000
v 147.3176 -7.1329 -59.0000
v 149.4084 -6.0676 -71.0000
v 149.4084 -6.0676 -59.0000
v 151.0676 -4.4084 -71.0000
v 151.0676 -4.4084 -59.0000
v 152.1329 -2.3176 -71.0000
v 152.1329 -2.3176 -59.0000
v 145.0000 0.0000 -79.0000
v 145.0000 0.0000 -71.0000
v 152.5000 0.0000 -79.0000
v 152.5000 0.0000 -71.0000
v 152.1329 2.3176 -79.0000
v 152.1329 2.3176 -71.0000
v 151.0676 4.4084 -79.0000
v 151.0676 4.4084 -71.0000
v 149.4084 6.0676 -79.0000
v 149.4084 6.0676 -71.0000
v 147.3176 7.1329 -79.0000
v 147.3176 7.1329 -71.0000
v 145.0000 7.5000 -79.0000
v 145.0000 7.5000 -71.0000
v 142.6824 7.1329 -79.0000
v 142.6824 7.1329 -71.0000
v 140.5916 6.0676 -79.0000
v 140.5916 6.0676 -71.0000
v 138.9324 4.4084 -79.0000
v 138.9324 4.4084 -71.0000
v 137.8671 2.3176 -79.0000
v 137.8671 2.3176 -71.0000
v 137.5000 0.0000 -79.0000
v 137.5000 0.0000 -71.0000
v 137.8671 -2.3176 -79.0000
v 137.8671 -2.3176 -71.0000
v 138.9324 -4.4084 -79.0000
v 138.9324 -4.4084 -71.0000
v 140.5916 -6.0676 -79.0000
v 140.5916 -6.0676 -71.0000
v 142.6824 -7.1329 -79.0000
v 142.6824 -7.1329 -71.0000
v 145.0000 -7.5000 -79.0000
v 145.0000 -7.5000 -71.0000
v 147.3176 -7.1329 -79.0000
v 147.3176 -7.1329 -71.0000
v 149.4084 -6.0676 -79.0000
v 149.4084 -6.0676 -71.0000
v 151.0676 -4.4084 -79.0000
v 151.0676 -4.4084 -71.0000
v 152.1329 -2.3176 -79.0000
v 152.1329 -2.3176 -71.0000
v 145.0000 0.0000 -90.0000
v 145.0000 0.0000 -80.0000
v 152.5000 0.0000 -90.0000
v 152.5000 0.0000 -80.0000
v 152.1329 2.3176 -90.0000
v 152.1329 2.3176 -80.0000
v 151.0676 4.4084 -90.0000
v 151.0676 4.4084 -80.0000
v 149.4084 6.0676 -90.0000
v 149.4084 6.0676 -80.0000
v 147.3176 7.1329 -90.0000
v 147.3176 7.1329 -80.0000
v 145.0000 7.5000 -90.0000
v 145.0000 7.5000 -80.0000
v 142.6824 7.1329 -90.0000
v 142.6824 7.1329 -80.0000
v 140.5916 6.0676 -90.0000
v 140.5916 6.0676 -80.0000
v 138.9324 4.4084 -90.0000
v 138.9324 4.4084 -80.0000
v 137.8671 2.3176 -90.0000
v 137.8671 2.3176 -80.0000
v 137.5000 0.0000 -90.0000
v 137.5000 0.0000 -80.0000
v 137.8671 -2.3176 -90.0000
v 137.8671 -2.3176 -80.0000
v 138.9324 -4.4084 -90.0000
v 138.9324 -4.4084 -80.0000
v 140.5916 -6.0676 -90.0000
v 140.5916 -6.0676 -80.0000
v 142.6824 -7.1329 -90.0000
v 142.6824 -7.1329 -80.0000
v 145.0000 -7.5000 -90.0000
v 145.0000 -7.5000 -80.0000
v 147.3176 -7.1329 -90.0000
v 147.3176 -7.1329 -80.0000
v 149.4084 -6.0676 -90.0000
v 149.4084 -6.0676 -80.0000
v 151.0676 -4.4084 -90.0000
v 151.0676 -4.4084 -80.0000
v 152.1329 -2.3176 -90.0000
v 152.1329 -2.3176 -80.0000
v 145.0000 0.0000 -98.0000
v 145.0000 0.0000 -92.0000
v 152.5000 0.0000 -98.0000
v 152.5000 0.0000 -92.0000
v 152.1329 2.3176 -98.0000
v 152.1329 2.3176 -92.0000
v 151.0676 4.4084 -98.0000
v 151.0676 4.4084 -92.0000
v 149.4084 6.0676 -98.0000
v 149.4084 6.0676 -92.0000
v 147.3176 7.1329 -98.0000
v 147.3176 7.1329 -92.0000
v 145.0000 7.5000 -98.0000
v 145.0000 7.5000 -92.0000
v 142.6824 7.1329 -98.0000
v 142.6824 7.1329 -92.0000
v 140.5916 6.0676 -98.0000
v 140.5916 6.0676 -92.0000
v 138.9324 4.4084 -98.0000
v 138.9324 4.4084 -92.0000
v 137.8671 2.3176 -98.0000
v 137.8671 2.3176 -92.0000
v 137.5000 0.0000 -98.0000
v 137.5000 0.0000 -92.0000
v 137.8671 -2.3176 -98.0000
v 137.8671 -2.3176 -92.0000
v 138.9324 -4.4084 -98.0000
v 138.9324 -4.4084 -92.0000
v 140.5916 -6.0676 -98.0000
v 140.5916 -6.0676 -92.0000
v 142.6824 -7.1329 -98.0000
v 142.6824 -7.1329 -92.0000
v 145.0000 -7.5000 -98.0000
v 145.0000 -7.5000 -92.0000
v 147.3176 -7.1329 -98.0000
v 147.3176 -7.1329 -92.0000
v 149.4084 -6.0676 -98.0000
v 149.4084 -6.0676 -92.0000
v 151.0676 -4.4084 -98.0000
v 151.0676 -4.4084 -92.0000
v 152.1329 -2.3176 -98.0000
v 152.1329 -2.3176 -92.0000
v 145.0000 0.0000 -114.0000
v 145.0000 0.0000 -98.0000
v 152.5000 0.0000 -114.0000
v 145.8000 0.0000 -98.0000
v 152.1329 2.3176 -114.0000
v 145.7608 0.2472 -98.0000
v 151.0676 4.4084 -114.0000
v 145.6472 0.4702 -98.0000
v 149.4084 6.0676 -114.0000
v 145.4702 0.6472 -98.0000
v 147.3176 7.1329 -114.0000
v 145.2472 0.7608 -98.0000
v 145.0000 7.5000 -114.0000
v 145.0000 0.8000 -98.0000
v 142.6824 7.1329 -114.0000
v 144.7528 0.7608 -98.0000
v 140.5916 6.0676 -114.0000
v 144.5298 0.6472 -98.0000
v 138.9324 4.4084 -114.0000
v 144.3528 0.4702 -98.0000
v 137.8671 2.3176 -114.0000
v 144.2392 0.2472 -98.0000
v 137.5000 0.0000 -114.0000
v 144.2000 0.0000 -98.0000
v 137.8671 -2.3176 -114.0000
v 144.2392 -0.2472 -98.0000
v 138.9324 -4.4084 -114.0000
v 144.3528 -0.4702 -98.0000
v 140.5916 -6.0676 -114.0000
v 144.5298 -0.6472 -98.0000
v 142.6824 -7.1329 -114.0000
v 144.7528 -0.7608 -98.0000
v 145.0000 -7.5000 -114.0000
v 145.0000 -0.8000 -98.0000
v 147.3176 -7.1329 -114.0000
v 145.2472 -0.7608 -98.0000
v 149.4084 -6.0676 -114.0000
v 145.4702 -0.6472 -98.0000
v 151.0676 -4.4084 -114.0000
v 145.6472 -0.4702 -98.0000
v 152.1329 -2.3176 -114.0000
v 145.7608 -0.2472 -98.0000
v -228.0000 -107.0000 141.0000
v 38.0000 -107.0000 141.0000
v 38.0000 -97.0000 141.0000
v -228.0000 -97.0000 141.0000
v -228.0000 -107.0000 149.0000
v 38.0000 -107.0000 149.0000
v 38.0000 -97.0000 149.0000
v -228.0000 -97.0000 149.0000
v -144.0000 -106.0000 120.0000
v -136.0000 -106.0000 120.0000
v -136.0000 -98.0000 120.0000
v -144.0000 -98.0000 120.0000
v -144.0000 -106.0000 150.0000
v -136.0000 -106.0000 150.0000
v -136.0000 -98.0000 150.0000
v -144.0000 -98.0000 150.0000
v 76.0000 -106.0000 120.0000
v 84.0000 -106.0000 120.0000
v 84.0000 -98.0000 120.0000
v 76.0000 -98.0000 120.0000
v 76.0000 -106.0000 170.0000
v 84.0000 -106.0000 170.0000
v 84.0000 -98.0000 170.0000
v 76.0000 -98.0000 170.0000
v -228.0000 97.0000 141.0000
v 38.0000 97.0000 141.0000
v 38.0000 107.0000 141.0000
v -228.0000 107.0000 141.0000
v -228.0000 97.0000 149.0000
v 38.0000 97.0000 149.0000
v 38.0000 107.0000 149.0000
v -228.0000 107.0000 149.0000
v -144.0000 98.0000 120.0000
v -136.0000 98.0000 120.0000
v -136.0000 106.0000 120.0000
v -144.0000 106.0000 120.0000
v -144.0000 98.0000 150.0000
v -136.0000 98.0000 150.0000
v -136.0000 106.0000 150.0000
v -144.0000 106.0000 150.0000
v 76.0000 98.0000 120.0000
v 84.0000 98.0000 120.0000
v 84.0000 106.0000 120.0000
v 76.0000 106.0000 120.0000
v 76.0000 98.0000 170.0000
v 84.0000 98.0000 170.0000
v 84.0000 106.0000 170.0000
v 76.0000 106.0000 170.0000
v -180.0000 -90.0000 154.0000
v 100.0000 -90.0000 154.0000
v 100.0000 90.0000 154.0000
v -180.0000 90.0000 154.0000
v -180.0000 -90.0000 166.0000
v 100.0000 -90.0000 166.0000
v 100.0000 90.0000 166.0000
v -180.0000 90.0000 166.0000
v -170.0000 -80.0000 166.0000
v 90.0000 -80.0000 166.0000
v 90.0000 80.0000 166.0000
v -170.0000 80.0000 166.0000
v -170.0000 -80.0000 168.0000
v 90.0000 -80.0000 168.0000
v 90.0000 80.0000 168.0000
v -170.0000 80.0000 168.0000
v 60.0000 0.0000 164.0000
v 60.0000 0.0000 180.0000
v 66.0000 0.0000 164.0000
v 66.0000 0.0000 180.0000
v 65.5433 2.2961 164.0000
v 65.5433 2.2961 180.0000
v 64.2426 4.2426 164.0000
v 64.2426 4.2426 180.0000
v 62.2961 5.5433 164.0000
v 62.2961 5.5433 180.0000
v 60.0000 6.0000 164.0000
v 60.0000 6.0000 180.0000
v 57.7039 5.5433 164.0000
v 57.7039 5.5433 180.0000
v 55.7574 4.2426 164.0000
v 55.7574 4.2426 180.0000
v 54.4567 2.2961 164.0000
v 54.4567 2.2961 180.0000
v 54.0000 0.0000 164.0000
v 54.0000 0.0000 180.0000
v 54.4567 -2.2961 164.0000
v 54.4567 -2.2961 180.0000
v 55.7574 -4.2426 164.0000
v 55.7574 -4.2426 180.0000
v 57.7039 -5.5433 164.0000
v 57.7039 -5.5433 180.0000
v 60.0000 -6.0000 164.0000
v 60.0000 -6.0000 180.0000
v 62.2961 -5.5433 164.0000
v 62.2961 -5.5433 180.0000
v 64.2426 -4.2426 164.0000
v 64.2426 -4.2426 180.0000
v 65.5433 -2.2961 164.0000
v 65.5433 -2.2961 180.0000
v 60.0000 0.0000 179.0000
v 60.0000 0.0000 189.0000
v 82.0000 0.0000 179.0000
v 82.0000 0.0000 189.0000
v 81.2504 5.6940 179.0000
v 81.2504 5.6940 189.0000
v 79.0526 11.0000 179.0000
v 79.0526 11.0000 189.0000
v 75.5563 15.5563 179.0000
v 75.5563 15.5563 189.0000
v 71.0000 19.0526 179.0000
v 71.0000 19.0526 189.0000
v 65.6940 21.2504 179.0000
v 65.6940 21.2504 189.0000
v 60.0000 22.0000 179.0000
v 60.0000 22.0000 189.0000
v 54.3060 21.2504 179.0000
v 54.3060 21.2504 189.0000
v 49.0000 19.0526 179.0000
v 49.0000 19.0526 189.0000
v 44.4437 15.5563 179.0000
v 44.4437 15.5563 189.0000
v 40.9474 11.0000 179.0000
v 40.9474 11.0000 189.0000
v 38.7496 5.6940 179.0000
v 38.7496 5.6940 189.0000
v 38.0000 0.0000 179.0000
v 38.0000 0.0000 189.0000
v 38.7496 -5.6940 179.0000
v 38.7496 -5.6940 189.0000
v 40.9474 -11.0000 179.0000
v 40.9474 -11.0000 189.0000
v 44.4437 -15.5563 179.0000
v 44.4437 -15.5563 189.0000
v 49.0000 -19.0526 179.0000
v 49.0000 -19.0526 189.0000
v 54.3060 -21.2504 179.0000
v 54.3060 -21.2504 189.0000
v 60.0000 -22.0000 179.0000
v 60.0000 -22.0000 189.0000
v 65.6940 -21.2504 179.0000
v 65.6940 -21.2504 189.0000
v 71.0000 -19.0526 179.0000
v 71.0000 -19.0526 189.0000
v 75.5563 -15.5563 179.0000
v 75.5563 -15.5563 189.0000
v 79.0526 -11.0000 179.0000
v 79.0526 -11.0000 189.0000
v 81.2504 -5.6940 179.0000
v 81.2504 -5.6940 189.0000
v 60.0000 0.0000 188.0000
v 60.0000 0.0000 194.0000
v 80.0000 0.0000 188.0000
v 68.0000 0.0000 194.0000
v 79.3185 5.1764 188.0000
v 67.7274 2.0706 194.0000
v 77.3205 10.0000 188.0000
v 66.9282 4.0000 194.0000
v 74.1421 14.1421 188.0000
v 65.6569 5.6569 194.0000
v 70.0000 17.3205 188.0000
v 64.0000 6.9282 194.0000
v 65.1764 19.3185 188.0000
v 62.0706 7.7274 194.0000
v 60.0000 20.0000 188.0000
v 60.0000 8.0000 194.0000
v 54.8236 19.3185 188.0000
v 57.9294 7.7274 194.0000
v 50.0000 17.3205 188.0000
v 56.0000 6.9282 194.0000
v 45.8579 14.1421 188.0000
v 54.3431 5.6569 194.0000
v 42.6795 10.0000 188.0000
v 53.0718 4.0000 194.0000
v 40.6815 5.1764 188.0000
v 52.2726 2.0706 194.0000
v 40.0000 0.0000 188.0000
v 52.0000 0.0000 194.0000
v 40.6815 -5.1764 188.0000
v 52.2726 -2.0706 194.0000
v 42.6795 -10.0000 188.0000
v 53.0718 -4.0000 194.0000
v 45.8579 -14.1421 188.0000
v 54.3431 -5.6569 194.0000
v 50.0000 -17.3205 188.0000
v 56.0000 -6.9282 194.0000
v 54.8236 -19.3185 188.0000
v 57.9294 -7.7274 194.0000
v 60.0000 -20.0000 188.0000
v 60.0000 -8.0000 194.0000
v 65.1764 -19.3185 188.0000
v 62.0706 -7.7274 194.0000
v 70.0000 -17.3205 188.0000
v 64.0000 -6.9282 194.0000
v 74.1421 -14.1421 188.0000
v 65.6569 -5.6569 194.0000
v 77.3205 -10.0000 188.0000
v 66.9282 -4.0000 194.0000
v 79.3185 -5.1764 188.0000
v 67.7274 -2.0706 194.0000
f 1 4 3
f 1 3 2
f 5 6 7
f 5 7 8
f 1 2 6
f 1 6 5
f 3 4 8
f 3 8 7
f 1 5 8
f 1 8 4
f 2 3 7
f 2 7 6
f 9 12 11
f 9 11 10
f 13 14 15
f 13 15 16
f 9 10 14
f 9 14 13
f 11 12 16
f 11 16 15
f 9 13 16
f 9 16 12
f 10 11 15
f 10 15 14
f 17 20 19
f 17 19 18
f 21 22 23
f 21 23 24
f 17 18 22
f 17 22 21
f 19 20 24
f 19 24 23
f 17 21 24
f 17 24 20
f 18 19 23
f 18 23 22
f 25 28 27
f 25 27 26
f 29 30 31
f 29 31 32
f 25 26 30
f 25 30 29
f 27 28 32
f 27 32 31
f 25 29 32
f 25 32 28
f 26 27 31
f 26 31 30
f 33 36 35
f 33 35 34
f 37 38 39
f 37 39 40
f 33 34 38
f 33 38 37
f 35 36 40
f 35 40 39
f 33 37 40
f 33 40 36
f 34 35 39
f 34 39 38
f 41 44 43
f 41 43 42
f 45 46 47
f 45 47 48
f 41 42 46
f 41 46 45
f 43 44 48
f 43 48 47
f 41 45 48
f 41 48 44
f 42 43 47
f 42 47 46
f 49 52 51
f 49 51 50
f 53 54 55
f 53 55 56
f 49 50 54
f 49 54 53
f 51 52 56
f 51 56 55
f 49 53 56
f 49 56 52
f 50 51 55
f 50 55 54
f 57 60 59
f 57 59 58
f 61 62 63
f 61 63 64
f 57 58 62
f 57 62 61
f 59 60 64
f 59 64 63
f 57 61 64
f 57 64 60
f 58 59 63
f 58 63 62
f 65 68 67
f 65 67 66
f 69 70 71
f 69 71 72
f 65 66 70
f 65 70 69
f 67 68 72
f 67 72 71
f 65 69 72
f 65 72 68
f 66 67 71
f 66 71 70
f 73 76 75
f 73 75 74
f 77 78 79
f 77 79 80
f 73 74 78
f 73 78 77
f 75 76 80
f 75 80 79
f 73 77 80
f 73 80 76
f 74 75 79
f 74 79 78
f 81 84 83
f 81 83 82
f 85 86 87
f 85 87 88
f 81 82 86
f 81 86 85
f 83 84 88
f 83 88 87
f 81 85 88
f 81 88 84
f 82 83 87
f 82 87 86
f 89 92 91
f 89 91 90
f 93 94 95
f 93 95 96
f 89 90 94
f 89 94 93
f 91 92 96
f 91 96 95
f 89 93 96
f 89 96 92
f 90 91 95
f 90 95 94
f 97 100 99
f 97 99 98
f 101 102 103
f 101 103 104
f 97 98 102
f 97 102 101
f 99 100 104
f 99 104 103
f 97 101 104
f 97 104 100
f 98 99 103
f 98 103 102
f 105 108 107
f 105 107 106
f 109 110 111
f 109 111 112
f 105 106 110
f 105 110 109
f 107 108 112
f 107 112 111
f 105 109 112
f 105 112 108
f 106 107 111
f 106 111 110
f 113 116 115
f 113 115 114
f 117 118 119
f 117 119 120
f 113 114 118
f 113 118 117
f 115 116 120
f 115 120 119
f 113 117 120
f 113 120 116
f 114 115 119
f 114 119 118
f 121 124 123
f 121 123 122
f 125 126 127
f 125 127 128
f 121 122 126
f 121 126 125
f 123 124 128
f 123 128 127
f 121 125 128
f 121 128 124
f 122 123 127
f 122 127 126
f 129 133 131
f 130 132 134
f 131 133 134
f 131 134 132
f 129 135 133
f 130 134 136
f 133 135 136
f 133 136 134
f 129 137 135
f 130 136 138
f 135 137 138
f 135 138 136
f 129 139 137
f 130 138 140
f 137 139 140
f 137 140 138
f 129 141 139
f 130 140 142
f 139 141 142
f 139 142 140
f 129 143 141
f 130 142 144
f 141 143 144
f 141 144 142
f 129 145 143
f 130 144 146
f 143 145 146
f 143 146 144
f 129 147 145
f 130 146 148
f 145 147 148
f 145 148 146
f 129 149 147
f 130 148 150
f 147 149 150
f 147 150 148
f 129 151 149
f 130 150 152
f 149 151 152
f 149 152 150
f 129 153 151
f 130 152 154
f 151 153 154
f 151 154 152
f 129 155 153
f 130 154 156
f 153 155 156
f 153 156 154
f 129 157 155
f 130 156 158
f 155 157 158
f 155 158 156
f 129 159 157
f 130 158 160
f 157 159 160
f 157 160 158
f 129 161 159
f 130 160 162
f 159 161 162
f 159 162 160
f 129 163 161
f 130 162 164
f 161 163 164
f 161 164 162
f 129 165 163
f 130 164 166
f 163 165 166
f 163 166 164
f 129 131 165
f 130 166 132
f 165 131 132
f 165 132 166
f 167 171 169
f 168 170 172
f 169 171 172
f 169 172 170
f 167 173 171
f 168 172 174
f 171 173 174
f 171 174 172
f 167 175 173
f 168 174 176
f 173 175 176
f 173 176 174
f 167 177 175
f 168 176 178
f 175 177 178
f 175 178 176
f 167 179 177
f 168 178 180
f 177 179 180
f 177 180 178
f 167 181 179
f 168 180 182
f 179 181 182
f 179 182 180
f 167 183 181
f 168 182 184
f 181 183 184
f 181 184 182
f 167 185 183
f 168 184 186
f 183 185 186
f 183 186 184
f 167 187 185
f 168 186 188
f 185 187 188
f 185 188 186
f 167 189 187
f 168 188 190
f 187 189 190
f 187 190 188
f 167 191 189
f 168 190 192
f 189 191 192
f 189 192 190
f 167 169 191
f 168 192 170
f 191 169 170
f 191 170 192
f 193 197 195
f 194 196 198
f 195 197 198
f 195 198 196
f 193 199 197
f 194 198 200
f 197 199 200
f 197 200 198
f 193 201 199
f 194 200 202
f 199 201 202
f 199 202 200
f 193 203 201
f 194 202 204
f 201 203 204
f 201 204 202
f 193 205 203
f 194 204 206
f 203 205 206
f 203 206 204
f 193 207 205
f 194 206 208
f 205 207 208
f 205 208 206
f 193 209 207
f 194 208 210
f 207 209 210
f 207 210 208
f 193 211 209
f 194 210 212
f 209 211 212
f 209 212 210
f 193 213 211
f 194 212 214
f 211 213 214
f 211 214 212
f 193 215 213
f 194 214 216
f 213 215 216
f 213 216 214
f 193 217 215
f 194 216 218
f 215 217 218
f 215 218 216
f 193 219 217
f 194 218 220
f 217 219 220
f 217 220 218
f 193 221 219
f 194 220 222
f 219 221 222
f 219 222 220
f 193 223 221
f 194 222 224
f 221 223 224
f 221 224 222
f 193 225 223
f 194 224 226
f 223 225 226
f 223 226 224
f 193 227 225
f 194 226 228
f 225 227 228
f 225 228 226
f 193 229 227
f 194 228 230
f 227 229 230
f 227 230 228
f 193 231 229
f 194 230 232
f 229 231 232
f 229 232 230
f 193 233 231
f 194 232 234
f 231 233 234
f 231 234 232
f 193 235 233
f 194 234 236
f 233 235 236
f 233 236 234
f 193 237 235
f 194 236 238
f 235 237 238
f 235 238 236
f 193 239 237
f 194 238 240
f 237 239 240
f 237 240 238
f 193 241 239
f 194 240 242
f 239 241 242
f 239 242 240
f 193 243 241
f 194 242 244
f 241 243 244
f 241 244 242
f 193 245 243
f 194 244 246
f 243 245 246
f 243 246 244
f 193 247 245
f 194 246 248
f 245 247 248
f 245 248 246
f 193 249 247
f 194 248 250
f 247 249 250
f 247 250 248
f 193 195 249
f 194 250 196
f 249 195 196
f 249 196 250
f 251 255 253
f 252 254 256
f 253 255 256
f 253 256 254
f 251 257 255
f 252 256 258
f 255 257 258
f 255 258 256
f 251 259 257
f 252 258 260
f 257 259 260
f 257 260 258
f 251 261 259
f 252 260 262
f 259 261 262
f 259 262 260
f 251 263 261
f 252 262 264
f 261 263 264
f 261 264 262
f 251 265 263
f 252 264 266
f 263 265 266
f 263 266 264
f 251 267 265
f 252 266 268
f 265 267 268
f 265 268 266
f 251 269 267
f 252 268 270
f 267 269 270
f 267 270 268
f 251 271 269
f 252 270 272
f 269 271 272
f 269 272 270
f 251 273 271
f 252 272 274
f 271 273 274
f 271 274 272
f 251 275 273
f 252 274 276
f 273 275 276
f 273 276 274
f 251 277 275
f 252 276 278
f 275 277 278
f 275 278 276
f 251 279 277
f 252 278 280
f 277 279 280
f 277 280 278
f 251 281 279
f 252 280 282
f 279 281 282
f 279 282 280
f 251 283 281
f 252 282 284
f 281 283 284
f 281 284 282
f 251 285 283
f 252 284 286
f 283 285 286
f 283 286 284
f 251 287 285
f 252 286 288
f 285 287 288
f 285 288 286
f 251 289 287
f 252 288 290
f 287 289 290
f 287 290 288
f 251 291 289
f 252 290 292
f 289 291 292
f 289 292 290
f 251 293 291
f 252 292 294
f 291 293 294
f 291 294 292
f 251 295 293
f 252 294 296
f 293 295 296
f 293 296 294
f 251 297 295
f 252 296 298
f 295 297 298
f 295 298 296
f 251 299 297
f 252 298 300
f 297 299 300
f 297 300 298
f 251 253 299
f 252 300 254
f 299 253 254
f 299 254 300
f 301 304 303
f 301 303 302
f 305 306 307
f 305 307 308
f 301 302 306
f 301 306 305
f 303 304 308
f 303 308 307
f 301 305 308
f 301 308 304
f 302 303 307
f 302 307 306
f 309 312 311
f 309 311 310
f 313 314 315
f 313 315 316
f 309 310 314
f 309 314 313
f 311 312 316
f 311 316 315
f 309 313 316
f 309 316 312
f 310 311 315
f 310 315 314
f 317 320 319
f 317 319 318
f 321 322 323
f 321 323 324
f 317 318 322
f 317 322 321
f 319 320 324
f 319 324 323
f 317 321 324
f 317 324 320
f 318 319 323
f 318 323 322
f 325 328 327
f 325 327 326
f 329 330 331
f 329 331 332
f 325 326 330
f 325 330 329
f 327 328 332
f 327 332 331
f 325 329 332
f 325 332 328
f 326 327 331
f 326 331 330
f 333 336 335
f 333 335 334
f 337 338 339
f 337 339 340
f 333 334 338
f 333 338 337
f 335 336 340
f 335 340 339
f 333 337 340
f 333 340 336
f 334 335 339
f 334 339 338
f 341 344 343
f 341 343 342
f 345 346 347
f 345 347 348
f 341 342 346
f 341 346 345
f 343 344 348
f 343 348 347
f 341 345 348
f 341 348 344
f 342 343 347
f 342 347 346
f 349 352 351
f 349 351 350
f 353 354 355
f 353 355 356
f 349 350 354
f 349 354 353
f 351 352 356
f 351 356 355
f 349 353 356
f 349 356 352
f 350 351 355
f 350 355 354
f 357 360 359
f 357 359 358
f 361 362 363
f 361 363 364
f 357 358 362
f 357 362 361
f 359 360 364
f 359 364 363
f 357 361 364
f 357 364 360
f 358 359 363
f 358 363 362
f 365 368 367
f 365 367 366
f 369 370 371
f 369 371 372
f 365 366 370
f 365 370 369
f 367 368 372
f 367 372 371
f 365 369 372
f 365 372 368
f 366 367 371
f 366 371 370
f 373 376 375
f 373 375 374
f 377 378 379
f 377 379 380
f 373 374 378
f 373 378 377
f 375 376 380
f 375 380 379
f 373 377 380
f 373 380 376
f 374 375 379
f 374 379 378
f 381 384 383
f 381 383 382
f 385 386 387
f 385 387 388
f 381 382 386
f 381 386 385
f 383 384 388
f 383 388 387
f 381 385 388
f 381 388 384
f 382 383 387
f 382 387 386
f 389 392 391
f 389 391 390
f 393 394 395
f 393 395 396
f 389 390 394
f 389 394 393
f 391 392 396
f 391 396 395
f 389 393 396
f 389 396 392
f 390 391 395
f 390 395 394
f 397 400 399
f 397 399 398
f 401 402 403
f 401 403 404
f 397 398 402
f 397 402 401
f 399 400 404
f 399 404 403
f 397 401 404
f 397 404 400
f 398 399 403
f 398 403 402
f 405 408 407
f 405 407 406
f 409 410 411
f 409 411 412
f 405 406 410
f 405 410 409
f 407 408 412
f 407 412 411
f 405 409 412
f 405 412 408
f 406 407 411
f 406 411 410
f 413 416 415
f 413 415 414
f 417 418 419
f 417 419 420
f 413 414 418
f 413 418 417
f 415 416 420
f 415 420 419
f 413 417 420
f 413 420 416
f 414 415 419
f 414 419 418
f 421 424 423
f 421 423 422
f 425 426 427
f 425 427 428
f 421 422 426
f 421 426 425
f 423 424 428
f 423 428 427
f 421 425 428
f 421 428 424
f 422 423 427
f 422 427 426
f 429 433 431
f 430 432 434
f 431 433 434
f 431 434 432
f 429 435 433
f 430 434 436
f 433 435 436
f 433 436 434
f 429 437 435
f 430 436 438
f 435 437 438
f 435 438 436
f 429 439 437
f 430 438 440
f 437 439 440
f 437 440 438
f 429 441 439
f 430 440 442
f 439 441 442
f 439 442 440
f 429 443 441
f 430 442 444
f 441 443 444
f 441 444 442
f 429 445 443
f 430 444 446
f 443 445 446
f 443 446 444
f 429 447 445
f 430 446 448
f 445 447 448
f 445 448 446
f 429 449 447
f 430 448 450
f 447 449 450
f 447 450 448
f 429 451 449
f 430 450 452
f 449 451 452
f 449 452 450
f 429 453 451
f 430 452 454
f 451 453 454
f 451 454 452
f 429 455 453
f 430 454 456
f 453 455 456
f 453 456 454
f 429 457 455
f 430 456 458
f 455 457 458
f 455 458 456
f 429 459 457
f 430 458 460
f 457 459 460
f 457 460 458
f 429 461 459
f 430 460 462
f 459 461 462
f 459 462 460
f 429 463 461
f 430 462 464
f 461 463 464
f 461 464 462
f 429 465 463
f 430 464 466
f 463 465 466
f 463 466 464
f 429 431 465
f 430 466 432
f 465 431 432
f 465 432 466
f 467 471 469
f 468 470 472
f 469 471 472
f 469 472 470
f 467 473 471
f 468 472 474
f 471 473 474
f 471 474 472
f 467 475 473
f 468 474 476
f 473 475 476
f 473 476 474
f 467 477 475
f 468 476 478
f 475 477 478
f 475 478 476
f 467 479 477
f 468 478 480
f 477 479 480
f 477 480 478
f 467 481 479
f 468 480 482
f 479 481 482
f 479 482 480
f 467 483 481
f 468 482 484
f 481 483 484
f 481 484 482
f 467 485 483
f 468 484 486
f 483 485 486
f 483 486 484
f 467 487 485
f 468 486 488
f 485 487 488
f 485 488 486
f 467 489 487
f 468 488 490
f 487 489 490
f 487 490 488
f 467 491 489
f 468 490 492
f 489 491 492
f 489 492 490
f 467 469 491
f 468 492 470
f 491 469 470
f 491 470 492
f 493 497 495
f 494 496 498
f 495 497 498
f 495 498 496
f 493 499 497
f 494 498 500
f 497 499 500
f 497 500 498
f 493 501 499
f 494 500 502
f 499 501 502
f 499 502 500
f 493 503 501
f 494 502 504
f 501 503 504
f 501 504 502
f 493 505 503
f 494 504 506
f 503 505 506
f 503 506 504
f 493 507 505
f 494 506 508
f 505 507 508
f 505 508 506
f 493 509 507
f 494 508 510
f 507 509 510
f 507 510 508
f 493 511 509
f 494 510 512
f 509 511 512
f 509 512 510
f 493 513 511
f 494 512 514
f 511 513 514
f 511 514 512
f 493 515 513
f 494 514 516
f 513 515 516
f 513 516 514
f 493 517 515
f 494 516 518
f 515 517 518
f 515 518 516
f 493 519 517
f 494 518 520
f 517 519 520
f 517 520 518
f 493 521 519
f 494 520 522
f 519 521 522
f 519 522 520
f 493 523 521
f 494 522 524
f 521 523 524
f 521 524 522
f 493 525 523
f 494 524 526
f 523 525 526
f 523 526 524
f 493 527 525
f 494 526 528
f 525 527 528
f 525 528 526
f 493 529 527
f 494 528 530
f 527 529 530
f 527 530 528
f 493 531 529
f 494 530 532
f 529 531 532
f 529 532 530
f 493 533 531
f 494 532 534
f 531 533 534
f 531 534 532
f 493 535 533
f 494 534 536
f 533 535 536
f 533 536 534
f 493 537 535
f 494 536 538
f 535 537 538
f 535 538 536
f 493 539 537
f 494 538 540
f 537 539 540
f 537 540 538
f 493 541 539
f 494 540 542
f 539 541 542
f 539 542 540
f 493 543 541
f 494 542 544
f 541 543 544
f 541 544 542
f 493 545 543
f 494 544 546
f 543 545 546
f 543 546 544
f 493 547 545
f 494 546 548
f 545 547 548
f 545 548 546
f 493 549 547
f 494 548 550
f 547 549 550
f 547 550 548
f 493 495 549
f 494 550 496
f 549 495 496
f 549 496 550
f 551 555 553
f 552 554 556
f 553 555 556
f 553 556 554
f 551 557 555
f 552 556 558
f 555 557 558
f 555 558 556
f 551 559 557
f 552 558 560
f 557 559 560
f 557 560 558
f 551 561 559
f 552 560 562
f 559 561 562
f 559 562 560
f 551 563 561
f 552 562 564
f 561 563 564
f 561 564 562
f 551 565 563
f 552 564 566
f 563 565 566
f 563 566 564
f 551 567 565
f 552 566 568
f 565 567 568
f 565 568 566
f 551 569 567
f 552 568 570
f 567 569 570
f 567 570 568
f 551 571 569
f 552 570 572
f 569 571 572
f 569 572 570
f 551 573 571
f 552 572 574
f 571 573 574
f 571 574 572
f 551 575 573
f 552 574 576
f 573 575 576
f 573 576 574
f 551 577 575
f 552 576 578
f 575 577 578
f 575 578 576
f 551 579 577
f 552 578 580
f 577 579 580
f 577 580 578
f 551 581 579
f 552 580 582
f 579 581 582
f 579 582 580
f 551 583 581
f 552 582 584
f 581 583 584
f 581 584 582
f 551 585 583
f 552 584 586
f 583 585 586
f 583 586 584
f 551 587 585
f 552 586 588
f 585 587 588
f 585 588 586
f 551 589 587
f 552 588 590
f 587 589 590
f 587 590 588
f 551 591 589
f 552 590 592
f 589 591 592
f 589 592 590
f 551 593 591
f 552 592 594
f 591 593 594
f 591 594 592
f 551 595 593
f 552 594 596
f 593 595 596
f 593 596 594
f 551 597 595
f 552 596 598
f 595 597 598
f 595 598 596
f 551 599 597
f 552 598 600
f 597 599 600
f 597 600 598
f 551 553 599
f 552 600 554
f 599 553 554
f 599 554 600
f 601 604 603
f 601 603 602
f 605 606 607
f 605 607 608
f 601 602 606
f 601 606 605
f 603 604 608
f 603 608 607
f 601 605 608
f 601 608 604
f 602 603 607
f 602 607 606
f 609 612 611
f 609 611 610
f 613 614 615
f 613 615 616
f 609 610 614
f 609 614 613
f 611 612 616
f 611 616 615
f 609 613 616
f 609 616 612
f 610 611 615
f 610 615 614
f 617 620 619
f 617 619 618
f 621 622 623
f 621 623 624
f 617 618 622
f 617 622 621
f 619 620 624
f 619 624 623
f 617 621 624
f 617 624 620
f 618 619 623
f 618 623 622
f 625 628 627
f 625 627 626
f 629 630 631
f 629 631 632
f 625 626 630
f 625 630 629
f 627 628 632
f 627 632 631
f 625 629 632
f 625 632 628
f 626 627 631
f 626 631 630
f 633 636 635
f 633 635 634
f 637 638 639
f 637 639 640
f 633 634 638
f 633 638 637
f 635 636 640
f 635 640 639
f 633 637 640
f 633 640 636
f 634 635 639
f 634 639 638
f 641 644 643
f 641 643 642
f 645 646 647
f 645 647 648
f 641 642 646
f 641 646 645
f 643 644 648
f 643 648 647
f 641 645 648
f 641 648 644
f 642 643 647
f 642 647 646
f 649 652 651
f 649 651 650
f 653 654 655
f 653 655 656
f 649 650 654
f 649 654 653
f 651 652 656
f 651 656 655
f 649 653 656
f 649 656 652
f 650 651 655
f 650 655 654
f 657 660 659
f 657 659 658
f 661 662 663
f 661 663 664
f 657 658 662
f 657 662 661
f 659 660 664
f 659 664 663
f 657 661 664
f 657 664 660
f 658 659 663
f 658 663 662
f 665 668 667
f 665 667 666
f 669 670 671
f 669 671 672
f 665 666 670
f 665 670 669
f 667 668 672
f 667 672 671
f 665 669 672
f 665 672 668
f 666 667 671
f 666 671 670
f 673 676 675
f 673 675 674
f 677 678 679
f 677 679 680
f 673 674 678
f 673 678 677
f 675 676 680
f 675 680 679
f 673 677 680
f 673 680 676
f 674 675 679
f 674 679 678
f 681 684 683
f 681 683 682
f 685 686 687
f 685 687 688
f 681 682 686
f 681 686 685
f 683 684 688
f 683 688 687
f 681 685 688
f 681 688 684
f 682 683 687
f 682 687 686
f 689 692 691
f 689 691 690
f 693 694 695
f 693 695 696
f 689 690 694
f 689 694 693
f 691 692 696
f 691 696 695
f 689 693 696
f 689 696 692
f 690 691 695
f 690 695 694
f 697 700 699
f 697 699 698
f 701 702 703
f 701 703 704
f 697 698 702
f 697 702 701
f 699 700 704
f 699 704 703
f 697 701 704
f 697 704 700
f 698 699 703
f 698 703 702
f 705 708 707
f 705 707 706
f 709 710 711
f 709 711 712
f 705 706 710
f 705 710 709
f 707 708 712
f 707 712 711
f 705 709 712
f 705 712 708
f 706 707 711
f 706 711 710
f 713 716 715
f 713 715 714
f 717 718 719
f 717 719 720
f 713 714 718
f 713 718 717
f 715 716 720
f 715 720 719
f 713 717 720
f 713 720 716
f 714 715 719
f 714 719 718
f 721 724 723
f 721 723 722
f 725 726 727
f 725 727 728
f 721 722 726
f 721 726 725
f 723 724 728
f 723 728 727
f 721 725 728
f 721 728 724
f 722 723 727
f 722 727 726
f 729 733 731
f 730 732 734
f 731 733 734
f 731 734 732
f 729 735 733
f 730 734 736
f 733 735 736
f 733 736 734
f 729 737 735
f 730 736 738
f 735 737 738
f 735 738 736
f 729 739 737
f 730 738 740
f 737 739 740
f 737 740 738
f 729 741 739
f 730 740 742
f 739 741 742
f 739 742 740
f 729 743 741
f 730 742 744
f 741 743 744
f 741 744 742
f 729 745 743
f 730 744 746
f 743 745 746
f 743 746 744
f 729 747 745
f 730 746 748
f 745 747 748
f 745 748 746
f 729 749 747
f 730 748 750
f 747 749 750
f 747 750 748
f 729 751 749
f 730 750 752
f 749 751 752
f 749 752 750
f 729 753 751
f 730 752 754
f 751 753 754
f 751 754 752
f 729 755 753
f 730 754 756
f 753 755 756
f 753 756 754
f 729 757 755
f 730 756 758
f 755 757 758
f 755 758 756
f 729 759 757
f 730 758 760
f 757 759 760
f 757 760 758
f 729 761 759
f 730 760 762
f 759 761 762
f 759 762 760
f 729 763 761
f 730 762 764
f 761 763 764
f 761 764 762
f 729 765 763
f 730 764 766
f 763 765 766
f 763 766 764
f 729 731 765
f 730 766 732
f 765 731 732
f 765 732 766
f 767 771 769
f 768 770 772
f 769 771 772
f 769 772 770
f 767 773 771
f 768 772 774
f 771 773 774
f 771 774 772
f 767 775 773
f 768 774 776
f 773 775 776
f 773 776 774
f 767 777 775
f 768 776 778
f 775 777 778
f 775 778 776
f 767 779 777
f 768 778 780
f 777 779 780
f 777 780 778
f 767 781 779
f 768 780 782
f 779 781 782
f 779 782 780
f 767 783 781
f 768 782 784
f 781 783 784
f 781 784 782
f 767 785 783
f 768 784 786
f 783 785 786
f 783 786 784
f 767 787 785
f 768 786 788
f 785 787 788
f 785 788 786
f 767 789 787
f 768 788 790
f 787 789 790
f 787 790 788
f 767 791 789
f 768 790 792
f 789 791 792
f 789 792 790
f 767 769 791
f 768 792 770
f 791 769 770
f 791 770 792
f 793 797 795
f 794 796 798
f 795 797 798
f 795 798 796
f 793 799 797
f 794 798 800
f 797 799 800
f 797 800 798
f 793 801 799
f 794 800 802
f 799 801 802
f 799 802 800
f 793 803 801
f 794 802 804
f 801 803 804
f 801 804 802
f 793 805 803
f 794 804 806
f 803 805 806
f 803 806 804
f 793 807 805
f 794 806 808
f 805 807 808
f 805 808 806
f 793 809 807
f 794 808 810
f 807 809 810
f 807 810 808
f 793 811 809
f 794 810 812
f 809 811 812
f 809 812 810
f 793 813 811
f 794 812 814
f 811 813 814
f 811 814 812
f 793 815 813
f 794 814 816
f 813 815 816
f 813 816 814
f 793 817 815
f 794 816 818
f 815 817 818
f 815 818 816
f 793 819 817
f 794 818 820
f 817 819 820
f 817 820 818
f 793 821 819
f 794 820 822
f 819 821 822
f 819 822 820
f 793 823 821
f 794 822 824
f 821 823 824
f 821 824 822
f 793 825 823
f 794 824 826
f 823 825 826
f 823 826 824
f 793 827 825
f 794 826 828
f 825 827 828
f 825 828 826
f 793 829 827
f 794 828 830
f 827 829 830
f 827 830 828
f 793 831 829
f 794 830 832
f 829 831 832
f 829 832 830
f 793 833 831
f 794 832 834
f 831 833 834
f 831 834 832
f 793 835 833
f 794 834 836
f 833 835 836
f 833 836 834
f 793 837 835
f 794 836 838
f 835 837 838
f 835 838 836
f 793 839 837
f 794 838 840
f 837 839 840
f 837 840 838
f 793 841 839
f 794 840 842
f 839 841 842
f 839 842 840
f 793 843 841
f 794 842 844
f 841 843 844
f 841 844 842
f 793 845 843
f 794 844 846
f 843 845 846
f 843 846 844
f 793 847 845
f 794 846 848
f 845 847 848
f 845 848 846
f 793 849 847
f 794 848 850
f 847 849 850
f 847 850 848
f 793 795 849
f 794 850 796
f 849 795 796
f 849 796 850
f 851 855 853
f 852 854 856
f 853 855 856
f 853 856 854
f 851 857 855
f 852 856 858
f 855 857 858
f 855 858 856
f 851 859 857
f 852 858 860
f 857 859 860
f 857 860 858
f 851 861 859
f 852 860 862
f 859 861 862
f 859 862 860
f 851 863 861
f 852 862 864
f 861 863 864
f 861 864 862
f 851 865 863
f 852 864 866
f 863 865 866
f 863 866 864
f 851 867 865
f 852 866 868
f 865 867 868
f 865 868 866
f 851 869 867
f 852 868 870
f 867 869 870
f 867 870 868
f 851 871 869
f 852 870 872
f 869 871 872
f 869 872 870
f 851 873 871
f 852 872 874
f 871 873 874
f 871 874 872
f 851 875 873
f 852 874 876
f 873 875 876
f 873 876 874
f 851 877 875
f 852 876 878
f 875 877 878
f 875 878 876
f 851 879 877
f 852 878 880
f 877 879 880
f 877 880 878
f 851 881 879
f 852 880 882
f 879 881 882
f 879 882 880
f 851 883 881
f 852 882 884
f 881 883 884
f 881 884 882
f 851 885 883
f 852 884 886
f 883 885 886
f 883 886 884
f 851 887 885
f 852 886 888
f 885 887 888
f 885 888 886
f 851 889 887
f 852 888 890
f 887 889 890
f 887 890 888
f 851 891 889
f 852 890 892
f 889 891 892
f 889 892 890
f 851 893 891
f 852 892 894
f 891 893 894
f 891 894 892
f 851 895 893
f 852 894 896
f 893 895 896
f 893 896 894
f 851 897 895
f 852 896 898
f 895 897 898
f 895 898 896
f 851 899 897
f 852 898 900
f 897 899 900
f 897 900 898
f 851 853 899
f 852 900 854
f 899 853 854
f 899 854 900
f 901 904 903
f 901 903 902
f 905 906 907
f 905 907 908
f 901 902 906
f 901 906 905
f 903 904 908
f 903 908 907
f 901 905 908
f 901 908 904
f 902 903 907
f 902 907 906
f 909 912 911
f 909 911 910
f 913 914 915
f 913 915 916
f 909 910 914
f 909 914 913
f 911 912 916
f 911 916 915
f 909 913 916
f 909 916 912
f 910 911 915
f 910 915 914
f 917 920 919
f 917 919 918
f 921 922 923
f 921 923 924
f 917 918 922
f 917 922 921
f 919 920 924
f 919 924 923
f 917 921 924
f 917 924 920
f 918 919 923
f 918 923 922
f 925 928 927
f 925 927 926
f 929 930 931
f 929 931 932
f 925 926 930
f 925 930 929
f 927 928 932
f 927 932 931
f 925 929 932
f 925 932 928
f 926 927 931
f 926 931 930
f 933 936 935
f 933 935 934
f 937 938 939
f 937 939 940
f 933 934 938
f 933 938 937
f 935 936 940
f 935 940 939
f 933 937 940
f 933 940 936
f 934 935 939
f 934 939 938
f 941 944 943
f 941 943 942
f 945 946 947
f 945 947 948
f 941 942 946
f 941 946 945
f 943 944 948
f 943 948 947
f 941 945 948
f 941 948 944
f 942 943 947
f 942 947 946
f 949 952 951
f 949 951 950
f 953 954 955
f 953 955 956
f 949 950 954
f 949 954 953
f 951 952 956
f 951 956 955
f 949 953 956
f 949 956 952
f 950 951 955
f 950 955 954
f 957 960 959
f 957 959 958
f 961 962 963
f 961 963 964
f 957 958 962
f 957 962 961
f 959 960 964
f 959 964 963
f 957 961 964
f 957 964 960
f 958 959 963
f 958 963 962
f 965 968 967
f 965 967 966
f 969 970 971
f 969 971 972
f 965 966 970
f 965 970 969
f 967 968 972
f 967 972 971
f 965 969 972
f 965 972 968
f 966 967 971
f 966 971 970
f 973 976 975
f 973 975 974
f 977 978 979
f 977 979 980
f 973 974 978
f 973 978 977
f 975 976 980
f 975 980 979
f 973 977 980
f 973 980 976
f 974 975 979
f 974 979 978
f 981 984 983
f 981 983 982
f 985 986 987
f 985 987 988
f 981 982 986
f 981 986 985
f 983 984 988
f 983 988 987
f 981 985 988
f 981 988 984
f 982 983 987
f 982 987 986
f 989 992 991
f 989 991 990
f 993 994 995
f 993 995 996
f 989 990 994
f 989 994 993
f 991 992 996
f 991 996 995
f 989 993 996
f 989 996 992
f 990 991 995
f 990 995 994
f 997 1000 999
f 997 999 998
f 1001 1002 1003
f 1001 1003 1004
f 997 998 1002
f 997 1002 1001
f 999 1000 1004
f 999 1004 1003
f 997 1001 1004
f 997 1004 1000
f 998 999 1003
f 998 1003 1002
f 1005 1008 1007
f 1005 1007 1006
f 1009 1010 1011
f 1009 1011 1012
f 1005 1006 1010
f 1005 1010 1009
f 1007 1008 1012
f 1007 1012 1011
f 1005 1009 1012
f 1005 1012 1008
f 1006 1007 1011
f 1006 1011 1010
f 1013 1016 1015
f 1013 1015 1014
f 1017 1018 1019
f 1017 1019 1020
f 1013 1014 1018
f 1013 1018 1017
f 1015 1016 1020
f 1015 1020 1019
f 1013 1017 1020
f 1013 1020 1016
f 1014 1015 1019
f 1014 1019 1018
f 1021 1024 1023
f 1021 1023 1022
f 1025 1026 1027
f 1025 1027 1028
f 1021 1022 1026
f 1021 1026 1025
f 1023 1024 1028
f 1023 1028 1027
f 1021 1025 1028
f 1021 1028 1024
f 1022 1023 1027
f 1022 1027 1026
f 1029 1033 1031
f 1030 1032 1034
f 1031 1033 1034
f 1031 1034 1032
f 1029 1035 1033
f 1030 1034 1036
f 1033 1035 1036
f 1033 1036 1034
f 1029 1037 1035
f 1030 1036 1038
f 1035 1037 1038
f 1035 1038 1036
f 1029 1039 1037
f 1030 1038 1040
f 1037 1039 1040
f 1037 1040 1038
f 1029 1041 1039
f 1030 1040 1042
f 1039 1041 1042
f 1039 1042 1040
f 1029 1043 1041
f 1030 1042 1044
f 1041 1043 1044
f 1041 1044 1042
f 1029 1045 1043
f 1030 1044 1046
f 1043 1045 1046
f 1043 1046 1044
f 1029 1047 1045
f 1030 1046 1048
f 1045 1047 1048
f 1045 1048 1046
f 1029 1049 1047
f 1030 1048 1050
f 1047 1049 1050
f 1047 1050 1048
f 1029 1051 1049
f 1030 1050 1052
f 1049 1051 1052
f 1049 1052 1050
f 1029 1053 1051
f 1030 1052 1054
f 1051 1053 1054
f 1051 1054 1052
f 1029 1055 1053
f 1030 1054 1056
f 1053 1055 1056
f 1053 1056 1054
f 1029 1057 1055
f 1030 1056 1058
f 1055 1057 1058
f 1055 1058 1056
f 1029 1059 1057
f 1030 1058 1060
f 1057 1059 1060
f 1057 1060 1058
f 1029 1061 1059
f 1030 1060 1062
f 1059 1061 1062
f 1059 1062 1060
f 1029 1063 1061
f 1030 1062 1064
f 1061 1063 1064
f 1061 1064 1062
f 1029 1065 1063
f 1030 1064 1066
f 1063 1065 1066
f 1063 1066 1064
f 1029 1031 1065
f 1030 1066 1032
f 1065 1031 1032
f 1065 1032 1066
f 1067 1071 1069
f 1068 1070 1072
f 1069 1071 1072
f 1069 1072 1070
f 1067 1073 1071
f 1068 1072 1074
f 1071 1073 1074
f 1071 1074 1072
f 1067 1075 1073
f 1068 1074 1076
f 1073 1075 1076
f 1073 1076 1074
f 1067 1077 1075
f 1068 1076 1078
f 1075 1077 1078
f 1075 1078 1076
f 1067 1079 1077
f 1068 1078 1080
f 1077 1079 1080
f 1077 1080 1078
f 1067 1081 1079
f 1068 1080 1082
f 1079 1081 1082
f 1079 1082 1080
f 1067 1083 1081
f 1068 1082 1084
f 1081 1083 1084
f 1081 1084 1082
f 1067 1085 1083
f 1068 1084 1086
f 1083 1085 1086
f 1083 1086 1084
f 1067 1087 1085
f 1068 1086 1088
f 1085 1087 1088
f 1085 1088 1086
f 1067 1089 1087
f 1068 1088 1090
f 1087 1089 1090
f 1087 1090 1088
f 1067 1091 1089
f 1068 1090 1092
f 1089 1091 1092
f 1089 1092 1090
f 1067 1069 1091
f 1068 1092 1070
f 1091 1069 1070
f 1091 1070 1092
f 1093 1097 1095
f 1094 1096 1098
f 1095 1097 1098
f 1095 1098 1096
f 1093 1099 1097
f 1094 1098 1100
f 1097 1099 1100
f 1097 1100 1098
f 1093 1101 1099
f 1094 1100 1102
f 1099 1101 1102
f 1099 1102 1100
f 1093 1103 1101
f 1094 1102 1104
f 1101 1103 1104
f 1101 1104 1102
f 1093 1105 1103
f 1094 1104 1106
f 1103 1105 1106
f 1103 1106 1104
f 1093 1107 1105
f 1094 1106 1108
f 1105 1107 1108
f 1105 1108 1106
f 1093 1109 1107
f 1094 1108 1110
f 1107 1109 1110
f 1107 1110 1108
f 1093 1111 1109
f 1094 1110 1112
f 1109 1111 1112
f 1109 1112 1110
f 1093 1113 1111
f 1094 1112 1114
f 1111 1113 1114
f 1111 1114 1112
f 1093 1115 1113
f 1094 1114 1116
f 1113 1115 1116
f 1113 1116 1114
f 1093 1117 1115
f 1094 1116 1118
f 1115 1117 1118
f 1115 1118 1116
f 1093 1119 1117
f 1094 1118 1120
f 1117 1119 1120
f 1117 1120 1118
f 1093 1121 1119
f 1094 1120 1122
f 1119 1121 1122
f 1119 1122 1120
f 1093 1123 1121
f 1094 1122 1124
f 1121 1123 1124
f 1121 1124 1122
f 1093 1125 1123
f 1094 1124 1126
f 1123 1125 1126
f 1123 1126 1124
f 1093 1127 1125
f 1094 1126 1128
f 1125 1127 1128
f 1125 1128 1126
f 1093 1129 1127
f 1094 1128 1130
f 1127 1129 1130
f 1127 1130 1128
f 1093 1131 1129
f 1094 1130 1132
f 1129 1131 1132
f 1129 1132 1130
f 1093 1133 1131
f 1094 1132 1134
f 1131 1133 1134
f 1131 1134 1132
f 1093 1135 1133
f 1094 1134 1136
f 1133 1135 1136
f 1133 1136 1134
f 1093 1137 1135
f 1094 1136 1138
f 1135 1137 1138
f 1135 1138 1136
f 1093 1139 1137
f 1094 1138 1140
f 1137 1139 1140
f 1137 1140 1138
f 1093 1141 1139
f 1094 1140 1142
f 1139 1141 1142
f 1139 1142 1140
f 1093 1143 1141
f 1094 1142 1144
f 1141 1143 1144
f 1141 1144 1142
f 1093 1145 1143
f 1094 1144 1146
f 1143 1145 1146
f 1143 1146 1144
f 1093 1147 1145
f 1094 1146 1148
f 1145 1147 1148
f 1145 1148 1146
f 1093 1149 1147
f 1094 1148 1150
f 1147 1149 1150
f 1147 1150 1148
f 1093 1095 1149
f 1094 1150 1096
f 1149 1095 1096
f 1149 1096 1150
f 1151 1155 1153
f 1152 1154 1156
f 1153 1155 1156
f 1153 1156 1154
f 1151 1157 1155
f 1152 1156 1158
f 1155 1157 1158
f 1155 1158 1156
f 1151 1159 1157
f 1152 1158 1160
f 1157 1159 1160
f 1157 1160 1158
f 1151 1161 1159
f 1152 1160 1162
f 1159 1161 1162
f 1159 1162 1160
f 1151 1163 1161
f 1152 1162 1164
f 1161 1163 1164
f 1161 1164 1162
f 1151 1165 1163
f 1152 1164 1166
f 1163 1165 1166
f 1163 1166 1164
f 1151 1167 1165
f 1152 1166 1168
f 1165 1167 1168
f 1165 1168 1166
f 1151 1169 1167
f 1152 1168 1170
f 1167 1169 1170
f 1167 1170 1168
f 1151 1171 1169
f 1152 1170 1172
f 1169 1171 1172
f 1169 1172 1170
f 1151 1173 1171
f 1152 1172 1174
f 1171 1173 1174
f 1171 1174 1172
f 1151 1175 1173
f 1152 1174 1176
f 1173 1175 1176
f 1173 1176 1174
f 1151 1177 1175
f 1152 1176 1178
f 1175 1177 1178
f 1175 1178 1176
f 1151 1179 1177
f 1152 1178 1180
f 1177 1179 1180
f 1177 1180 1178
f 1151 1181 1179
f 1152 1180 1182
f 1179 1181 1182
f 1179 1182 1180
f 1151 1183 1181
f 1152 1182 1184
f 1181 1183 1184
f 1181 1184 1182
f 1151 1185 1183
f 1152 1184 1186
f 1183 1185 1186
f 1183 1186 1184
f 1151 1187 1185
f 1152 1186 1188
f 1185 1187 1188
f 1185 1188 1186
f 1151 1189 1187
f 1152 1188 1190
f 1187 1189 1190
f 1187 1190 1188
f 1151 1191 1189
f 1152 1190 1192
f 1189 1191 1192
f 1189 1192 1190
f 1151 1193 1191
f 1152 1192 1194
f 1191 1193 1194
f 1191 1194 1192
f 1151 1195 1193
f 1152 1194 1196
f 1193 1195 1196
f 1193 1196 1194
f 1151 1197 1195
f 1152 1196 1198
f 1195 1197 1198
f 1195 1198 1196
f 1151 1199 1197
f 1152 1198 1200
f 1197 1199 1200
f 1197 1200 1198
f 1151 1153 1199
f 1152 1200 1154
f 1199 1153 1154
f 1199 1154 1200
f 1201 1204 1203
f 1201 1203 1202
f 1205 1206 1207
f 1205 1207 1208
f 1201 1202 1206
f 1201 1206 1205
f 1203 1204 1208
f 1203 1208 1207
f 1201 1205 1208
f 1201 1208 1204
f 1202 1203 1207
f 1202 1207 1206
f 1209 1212 1211
f 1209 1211 1210
f 1213 1214 1215
f 1213 1215 1216
f 1209 1210 1214
f 1209 1214 1213
f 1211 1212 1216
f 1211 1216 1215
f 1209 1213 1216
f 1209 1216 1212
f 1210 1211 1215
f 1210 1215 1214
f 1217 1220 1219
f 1217 1219 1218
f 1221 1222 1223
f 1221 1223 1224
f 1217 1218 1222
f 1217 1222 1221
f 1219 1220 1224
f 1219 1224 1223
f 1217 1221 1224
f 1217 1224 1220
f 1218 1219 1223
f 1218 1223 1222
f 1225 1228 1227
f 1225 1227 1226
f 1229 1230 1231
f 1229 1231 1232
f 1225 1226 1230
f 1225 1230 1229
f 1227 1228 1232
f 1227 1232 1231
f 1225 1229 1232
f 1225 1232 1228
f 1226 1227 1231
f 1226 1231 1230
f 1233 1236 1235
f 1233 1235 1234
f 1237 1238 1239
f 1237 1239 1240
f 1233 1234 1238
f 1233 1238 1237
f 1235 1236 1240
f 1235 1240 1239
f 1233 1237 1240
f 1233 1240 1236
f 1234 1235 1239
f 1234 1239 1238
f 1241 1244 1243
f 1241 1243 1242
f 1245 1246 1247
f 1245 1247 1248
f 1241 1242 1246
f 1241 1246 1245
f 1243 1244 1248
f 1243 1248 1247
f 1241 1245 1248
f 1241 1248 1244
f 1242 1243 1247
f 1242 1247 1246
f 1249 1252 1251
f 1249 1251 1250
f 1253 1254 1255
f 1253 1255 1256
f 1249 1250 1254
f 1249 1254 1253
f 1251 1252 1256
f 1251 1256 1255
f 1249 1253 1256
f 1249 1256 1252
f 1250 1251 1255
f 1250 1255 1254
f 1257 1260 1259
f 1257 1259 1258
f 1261 1262 1263
f 1261 1263 1264
f 1257 1258 1262
f 1257 1262 1261
f 1259 1260 1264
f 1259 1264 1263
f 1257 1261 1264
f 1257 1264 1260
f 1258 1259 1263
f 1258 1263 1262
f 1265 1268 1267
f 1265 1267 1266
f 1269 1270 1271
f 1269 1271 1272
f 1265 1266 1270
f 1265 1270 1269
f 1267 1268 1272
f 1267 1272 1271
f 1265 1269 1272
f 1265 1272 1268
f 1266 1267 1271
f 1266 1271 1270
f 1273 1276 1275
f 1273 1275 1274
f 1277 1278 1279
f 1277 1279 1280
f 1273 1274 1278
f 1273 1278 1277
f 1275 1276 1280
f 1275 1280 1279
f 1273 1277 1280
f 1273 1280 1276
f 1274 1275 1279
f 1274 1279 1278
f 1281 1284 1283
f 1281 1283 1282
f 1285 1286 1287
f 1285 1287 1288
f 1281 1282 1286
f 1281 1286 1285
f 1283 1284 1288
f 1283 1288 1287
f 1281 1285 1288
f 1281 1288 1284
f 1282 1283 1287
f 1282 1287 1286
f 1289 1292 1291
f 1289 1291 1290
f 1293 1294 1295
f 1293 1295 1296
f 1289 1290 1294
f 1289 1294 1293
f 1291 1292 1296
f 1291 1296 1295
f 1289 1293 1296
f 1289 1296 1292
f 1290 1291 1295
f 1290 1295 1294
f 1297 1300 1299
f 1297 1299 1298
f 1301 1302 1303
f 1301 1303 1304
f 1297 1298 1302
f 1297 1302 1301
f 1299 1300 1304
f 1299 1304 1303
f 1297 1301 1304
f 1297 1304 1300
f 1298 1299 1303
f 1298 1303 1302
f 1305 1308 1307
f 1305 1307 1306
f 1309 1310 1311
f 1309 1311 1312
f 1305 1306 1310
f 1305 1310 1309
f 1307 1308 1312
f 1307 1312 1311
f 1305 1309 1312
f 1305 1312 1308
f 1306 1307 1311
f 1306 1311 1310
f 1313 1316 1315
f 1313 1315 1314
f 1317 1318 1319
f 1317 1319 1320
f 1313 1314 1318
f 1313 1318 1317
f 1315 1316 1320
f 1315 1320 1319
f 1313 1317 1320
f 1313 1320 1316
f 1314 1315 1319
f 1314 1319 1318
f 1321 1324 1323
f 1321 1323 1322
f 1325 1326 1327
f 1325 1327 1328
f 1321 1322 1326
f 1321 1326 1325
f 1323 1324 1328
f 1323 1328 1327
f 1321 1325 1328
f 1321 1328 1324
f 1322 1323 1327
f 1322 1327 1326
f 1329 1332 1331
f 1329 1331 1330
f 1333 1334 1335
f 1333 1335 1336
f 1329 1330 1334
f 1329 1334 1333
f 1331 1332 1336
f 1331 1336 1335
f 1329 1333 1336
f 1329 1336 1332
f 1330 1331 1335
f 1330 1335 1334
f 1337 1340 1339
f 1337 1339 1338
f 1341 1342 1343
f 1341 1343 1344
f 1337 1338 1342
f 1337 1342 1341
f 1339 1340 1344
f 1339 1344 1343
f 1337 1341 1344
f 1337 1344 1340
f 1338 1339 1343
f 1338 1343 1342
f 1345 1348 1347
f 1345 1347 1346
f 1349 1350 1351
f 1349 1351 1352
f 1345 1346 1350
f 1345 1350 1349
f 1347 1348 1352
f 1347 1352 1351
f 1345 1349 1352
f 1345 1352 1348
f 1346 1347 1351
f 1346 1351 1350
f 1353 1356 1355
f 1353 1355 1354
f 1357 1358 1359
f 1357 1359 1360
f 1353 1354 1358
f 1353 1358 1357
f 1355 1356 1360
f 1355 1360 1359
f 1353 1357 1360
f 1353 1360 1356
f 1354 1355 1359
f 1354 1359 1358
f 1361 1364 1363
f 1361 1363 1362
f 1365 1366 1367
f 1365 1367 1368
f 1361 1362 1366
f 1361 1366 1365
f 1363 1364 1368
f 1363 1368 1367
f 1361 1365 1368
f 1361 1368 1364
f 1362 1363 1367
f 1362 1367 1366
f 1369 1372 1371
f 1369 1371 1370
f 1373 1374 1375
f 1373 1375 1376
f 1369 1370 1374
f 1369 1374 1373
f 1371 1372 1376
f 1371 1376 1375
f 1369 1373 1376
f 1369 1376 1372
f 1370 1371 1375
f 1370 1375 1374
f 1377 1380 1379
f 1377 1379 1378
f 1381 1382 1383
f 1381 1383 1384
f 1377 1378 1382
f 1377 1382 1381
f 1379 1380 1384
f 1379 1384 1383
f 1377 1381 1384
f 1377 1384 1380
f 1378 1379 1383
f 1378 1383 1382
f 1385 1388 1387
f 1385 1387 1386
f 1389 1390 1391
f 1389 1391 1392
f 1385 1386 1390
f 1385 1390 1389
f 1387 1388 1392
f 1387 1392 1391
f 1385 1389 1392
f 1385 1392 1388
f 1386 1387 1391
f 1386 1391 1390
f 1393 1396 1395
f 1393 1395 1394
f 1397 1398 1399
f 1397 1399 1400
f 1393 1394 1398
f 1393 1398 1397
f 1395 1396 1400
f 1395 1400 1399
f 1393 1397 1400
f 1393 1400 1396
f 1394 1395 1399
f 1394 1399 1398
f 1401 1405 1403
f 1402 1404 1406
f 1403 1405 1406
f 1403 1406 1404
f 1401 1407 1405
f 1402 1406 1408
f 1405 1407 1408
f 1405 1408 1406
f 1401 1409 1407
f 1402 1408 1410
f 1407 1409 1410
f 1407 1410 1408
f 1401 1411 1409
f 1402 1410 1412
f 1409 1411 1412
f 1409 1412 1410
f 1401 1413 1411
f 1402 1412 1414
f 1411 1413 1414
f 1411 1414 1412
f 1401 1415 1413
f 1402 1414 1416
f 1413 1415 1416
f 1413 1416 1414
f 1401 1417 1415
f 1402 1416 1418
f 1415 1417 1418
f 1415 1418 1416
f 1401 1419 1417
f 1402 1418 1420
f 1417 1419 1420
f 1417 1420 1418
f 1401 1421 1419
f 1402 1420 1422
f 1419 1421 1422
f 1419 1422 1420
f 1401 1423 1421
f 1402 1422 1424
f 1421 1423 1424
f 1421 1424 1422
f 1401 1425 1423
f 1402 1424 1426
f 1423 1425 1426
f 1423 1426 1424
f 1401 1427 1425
f 1402 1426 1428
f 1425 1427 1428
f 1425 1428 1426
f 1401 1429 1427
f 1402 1428 1430
f 1427 1429 1430
f 1427 1430 1428
f 1401 1431 1429
f 1402 1430 1432
f 1429 1431 1432
f 1429 1432 1430
f 1401 1433 1431
f 1402 1432 1434
f 1431 1433 1434
f 1431 1434 1432
f 1401 1403 1433
f 1402 1434 1404
f 1433 1403 1404
f 1433 1404 1434
f 1435 1438 1437
f 1435 1437 1436
f 1439 1440 1441
f 1439 1441 1442
f 1435 1436 1440
f 1435 1440 1439
f 1437 1438 1442
f 1437 1442 1441
f 1435 1439 1442
f 1435 1442 1438
f 1436 1437 1441
f 1436 1441 1440
f 1443 1447 1445
f 1444 1446 1448
f 1445 1447 1448
f 1445 1448 1446
f 1443 1449 1447
f 1444 1448 1450
f 1447 1449 1450
f 1447 1450 1448
f 1443 1451 1449
f 1444 1450 1452
f 1449 1451 1452
f 1449 1452 1450
f 1443 1453 1451
f 1444 1452 1454
f 1451 1453 1454
f 1451 1454 1452
f 1443 1455 1453
f 1444 1454 1456
f 1453 1455 1456
f 1453 1456 1454
f 1443 1457 1455
f 1444 1456 1458
f 1455 1457 1458
f 1455 1458 1456
f 1443 1459 1457
f 1444 1458 1460
f 1457 1459 1460
f 1457 1460 1458
f 1443 1461 1459
f 1444 1460 1462
f 1459 1461 1462
f 1459 1462 1460
f 1443 1463 1461
f 1444 1462 1464
f 1461 1463 1464
f 1461 1464 1462
f 1443 1465 1463
f 1444 1464 1466
f 1463 1465 1466
f 1463 1466 1464
f 1443 1467 1465
f 1444 1466 1468
f 1465 1467 1468
f 1465 1468 1466
f 1443 1469 1467
f 1444 1468 1470
f 1467 1469 1470
f 1467 1470 1468
f 1443 1471 1469
f 1444 1470 1472
f 1469 1471 1472
f 1469 1472 1470
f 1443 1473 1471
f 1444 1472 1474
f 1471 1473 1474
f 1471 1474 1472
f 1443 1475 1473
f 1444 1474 1476
f 1473 1475 1476
f 1473 1476 1474
f 1443 1445 1475
f 1444 1476 1446
f 1475 1445 1446
f 1475 1446 1476
f 1477 1481 1479
f 1478 1480 1482
f 1479 1481 1482
f 1479 1482 1480
f 1477 1483 1481
f 1478 1482 1484
f 1481 1483 1484
f 1481 1484 1482
f 1477 1485 1483
f 1478 1484 1486
f 1483 1485 1486
f 1483 1486 1484
f 1477 1487 1485
f 1478 1486 1488
f 1485 1487 1488
f 1485 1488 1486
f 1477 1489 1487
f 1478 1488 1490
f 1487 1489 1490
f 1487 1490 1488
f 1477 1491 1489
f 1478 1490 1492
f 1489 1491 1492
f 1489 1492 1490
f 1477 1493 1491
f 1478 1492 1494
f 1491 1493 1494
f 1491 1494 1492
f 1477 1495 1493
f 1478 1494 1496
f 1493 1495 1496
f 1493 1496 1494
f 1477 1497 1495
f 1478 1496 1498
f 1495 1497 1498
f 1495 1498 1496
f 1477 1499 1497
f 1478 1498 1500
f 1497 1499 1500
f 1497 1500 1498
f 1477 1501 1499
f 1478 1500 1502
f 1499 1501 1502
f 1499 1502 1500
f 1477 1503 1501
f 1478 1502 1504
f 1501 1503 1504
f 1501 1504 1502
f 1477 1505 1503
f 1478 1504 1506
f 1503 1505 1506
f 1503 1506 1504
f 1477 1507 1505
f 1478 1506 1508
f 1505 1507 1508
f 1505 1508 1506
f 1477 1509 1507
f 1478 1508 1510
f 1507 1509 1510
f 1507 1510 1508
f 1477 1479 1509
f 1478 1510 1480
f 1509 1479 1480
f 1509 1480 1510
f 1511 1514 1513
f 1511 1513 1512
f 1515 1516 1517
f 1515 1517 1518
f 1511 1512 1516
f 1511 1516 1515
f 1513 1514 1518
f 1513 1518 1517
f 1511 1515 1518
f 1511 1518 1514
f 1512 1513 1517
f 1512 1517 1516
f 1519 1522 1521
f 1519 1521 1520
f 1523 1524 1525
f 1523 1525 1526
f 1519 1520 1524
f 1519 1524 1523
f 1521 1522 1526
f 1521 1526 1525
f 1519 1523 1526
f 1519 1526 1522
f 1520 1521 1525
f 1520 1525 1524
f 1527 1530 1529
f 1527 1529 1528
f 1531 1532 1533
f 1531 1533 1534
f 1527 1528 1532
f 1527 1532 1531
f 1529 1530 1534
f 1529 1534 1533
f 1527 1531 1534
f 1527 1534 1530
f 1528 1529 1533
f 1528 1533 1532
f 1535 1539 1537
f 1536 1538 1540
f 1537 1539 1540
f 1537 1540 1538
f 1535 1541 1539
f 1536 1540 1542
f 1539 1541 1542
f 1539 1542 1540
f 1535 1543 1541
f 1536 1542 1544
f 1541 1543 1544
f 1541 1544 1542
f 1535 1545 1543
f 1536 1544 1546
f 1543 1545 1546
f 1543 1546 1544
f 1535 1547 1545
f 1536 1546 1548
f 1545 1547 1548
f 1545 1548 1546
f 1535 1549 1547
f 1536 1548 1550
f 1547 1549 1550
f 1547 1550 1548
f 1535 1551 1549
f 1536 1550 1552
f 1549 1551 1552
f 1549 1552 1550
f 1535 1553 1551
f 1536 1552 1554
f 1551 1553 1554
f 1551 1554 1552
f 1535 1555 1553
f 1536 1554 1556
f 1553 1555 1556
f 1553 1556 1554
f 1535 1557 1555
f 1536 1556 1558
f 1555 1557 1558
f 1555 1558 1556
f 1535 1559 1557
f 1536 1558 1560
f 1557 1559 1560
f 1557 1560 1558
f 1535 1561 1559
f 1536 1560 1562
f 1559 1561 1562
f 1559 1562 1560
f 1535 1563 1561
f 1536 1562 1564
f 1561 1563 1564
f 1561 1564 1562
f 1535 1537 1563
f 1536 1564 1538
f 1563 1537 1538
f 1563 1538 1564
f 1565 1569 1567
f 1566 1568 1570
f 1567 1569 1570
f 1567 1570 1568
f 1565 1571 1569
f 1566 1570 1572
f 1569 1571 1572
f 1569 1572 1570
f 1565 1573 1571
f 1566 1572 1574
f 1571 1573 1574
f 1571 1574 1572
f 1565 1575 1573
f 1566 1574 1576
f 1573 1575 1576
f 1573 1576 1574
f 1565 1577 1575
f 1566 1576 1578
f 1575 1577 1578
f 1575 1578 1576
f 1565 1579 1577
f 1566 1578 1580
f 1577 1579 1580
f 1577 1580 1578
f 1565 1581 1579
f 1566 1580 1582
f 1579 1581 1582
f 1579 1582 1580
f 1565 1583 1581
f 1566 1582 1584
f 1581 1583 1584
f 1581 1584 1582
f 1565 1585 1583
f 1566 1584 1586
f 1583 1585 1586
f 1583 1586 1584
f 1565 1587 1585
f 1566 1586 1588
f 1585 1587 1588
f 1585 1588 1586
f 1565 1589 1587
f 1566 1588 1590
f 1587 1589 1590
f 1587 1590 1588
f 1565 1591 1589
f 1566 1590 1592
f 1589 1591 1592
f 1589 1592 1590
f 1565 1593 1591
f 1566 1592 1594
f 1591 1593 1594
f 1591 1594 1592
f 1565 1567 1593
f 1566 1594 1568
f 1593 1567 1568
f 1593 1568 1594
f 1595 1599 1597
f 1596 1598 1600
f 1597 1599 1600
f 1597 1600 1598
f 1595 1601 1599
f 1596 1600 1602
f 1599 1601 1602
f 1599 1602 1600
f 1595 1603 1601
f 1596 1602 1604
f 1601 1603 1604
f 1601 1604 1602
f 1595 1605 1603
f 1596 1604 1606
f 1603 1605 1606
f 1603 1606 1604
f 1595 1607 1605
f 1596 1606 1608
f 1605 1607 1608
f 1605 1608 1606
f 1595 1609 1607
f 1596 1608 1610
f 1607 1609 1610
f 1607 1610 1608
f 1595 1611 1609
f 1596 1610 1612
f 1609 1611 1612
f 1609 1612 1610
f 1595 1613 1611
f 1596 1612 1614
f 1611 1613 1614
f 1611 1614 1612
f 1595 1615 1613
f 1596 1614 1616
f 1613 1615 1616
f 1613 1616 1614
f 1595 1617 1615
f 1596 1616 1618
f 1615 1617 1618
f 1615 1618 1616
f 1595 1619 1617
f 1596 1618 1620
f 1617 1619 1620
f 1617 1620 1618
f 1595 1621 1619
f 1596 1620 1622
f 1619 1621 1622
f 1619 1622 1620
f 1595 1623 1621
f 1596 1622 1624
f 1621 1623 1624
f 1621 1624 1622
f 1595 1597 1623
f 1596 1624 1598
f 1623 1597 1598
f 1623 1598 1624
f 1625 1628 1627
f 1625 1627 1626
f 1629 1630 1631
f 1629 1631 1632
f 1625 1626 1630
f 1625 1630 1629
f 1627 1628 1632
f 1627 1632 1631
f 1625 1629 1632
f 1625 1632 1628
f 1626 1627 1631
f 1626 1631 1630
f 1633 1636 1635
f 1633 1635 1634
f 1637 1638 1639
f 1637 1639 1640
f 1633 1634 1638
f 1633 1638 1637
f 1635 1636 1640
f 1635 1640 1639
f 1633 1637 1640
f 1633 1640 1636
f 1634 1635 1639
f 1634 1639 1638
f 1641 1645 1643
f 1642 1644 1646
f 1643 1645 1646
f 1643 1646 1644
f 1641 1647 1645
f 1642 1646 1648
f 1645 1647 1648
f 1645 1648 1646
f 1641 1649 1647
f 1642 1648 1650
f 1647 1649 1650
f 1647 1650 1648
f 1641 1651 1649
f 1642 1650 1652
f 1649 1651 1652
f 1649 1652 1650
f 1641 1653 1651
f 1642 1652 1654
f 1651 1653 1654
f 1651 1654 1652
f 1641 1655 1653
f 1642 1654 1656
f 1653 1655 1656
f 1653 1656 1654
f 1641 1657 1655
f 1642 1656 1658
f 1655 1657 1658
f 1655 1658 1656
f 1641 1659 1657
f 1642 1658 1660
f 1657 1659 1660
f 1657 1660 1658
f 1641 1661 1659
f 1642 1660 1662
f 1659 1661 1662
f 1659 1662 1660
f 1641 1663 1661
f 1642 1662 1664
f 1661 1663 1664
f 1661 1664 1662
f 1641 1665 1663
f 1642 1664 1666
f 1663 1665 1666
f 1663 1666 1664
f 1641 1667 1665
f 1642 1666 1668
f 1665 1667 1668
f 1665 1668 1666
f 1641 1669 1667
f 1642 1668 1670
f 1667 1669 1670
f 1667 1670 1668
f 1641 1671 1669
f 1642 1670 1672
f 1669 1671 1672
f 1669 1672 1670
f 1641 1673 1671
f 1642 1672 1674
f 1671 1673 1674
f 1671 1674 1672
f 1641 1675 1673
f 1642 1674 1676
f 1673 1675 1676
f 1673 1676 1674
f 1641 1677 1675
f 1642 1676 1678
f 1675 1677 1678
f 1675 1678 1676
f 1641 1679 1677
f 1642 1678 1680
f 1677 1679 1680
f 1677 1680 1678
f 1641 1681 1679
f 1642 1680 1682
f 1679 1681 1682
f 1679 1682 1680
f 1641 1643 1681
f 1642 1682 1644
f 1681 1643 1644
f 1681 1644 1682
f 1683 1687 1685
f 1684 1686 1688
f 1685 1687 1688
f 1685 1688 1686
f 1683 1689 1687
f 1684 1688 1690
f 1687 1689 1690
f 1687 1690 1688
f 1683 1691 1689
f 1684 1690 1692
f 1689 1691 1692
f 1689 1692 1690
f 1683 1693 1691
f 1684 1692 1694
f 1691 1693 1694
f 1691 1694 1692
f 1683 1695 1693
f 1684 1694 1696
f 1693 1695 1696
f 1693 1696 1694
f 1683 1697 1695
f 1684 1696 1698
f 1695 1697 1698
f 1695 1698 1696
f 1683 1699 1697
f 1684 1698 1700
f 1697 1699 1700
f 1697 1700 1698
f 1683 1701 1699
f 1684 1700 1702
f 1699 1701 1702
f 1699 1702 1700
f 1683 1703 1701
f 1684 1702 1704
f 1701 1703 1704
f 1701 1704 1702
f 1683 1705 1703
f 1684 1704 1706
f 1703 1705 1706
f 1703 1706 1704
f 1683 1707 1705
f 1684 1706 1708
f 1705 1707 1708
f 1705 1708 1706
f 1683 1709 1707
f 1684 1708 1710
f 1707 1709 1710
f 1707 1710 1708
f 1683 1711 1709
f 1684 1710 1712
f 1709 1711 1712
f 1709 1712 1710
f 1683 1713 1711
f 1684 1712 1714
f 1711 1713 1714
f 1711 1714 1712
f 1683 1715 1713
f 1684 1714 1716
f 1713 1715 1716
f 1713 1716 1714
f 1683 1717 1715
f 1684 1716 1718
f 1715 1717 1718
f 1715 1718 1716
f 1683 1719 1717
f 1684 1718 1720
f 1717 1719 1720
f 1717 1720 1718
f 1683 1721 1719
f 1684 1720 1722
f 1719 1721 1722
f 1719 1722 1720
f 1683 1723 1721
f 1684 1722 1724
f 1721 1723 1724
f 1721 1724 1722
f 1683 1685 1723
f 1684 1724 1686
f 1723 1685 1686
f 1723 1686 1724
f 1725 1729 1727
f 1726 1728 1730
f 1727 1729 1730
f 1727 1730 1728
f 1725 1731 1729
f 1726 1730 1732
f 1729 1731 1732
f 1729 1732 1730
f 1725 1733 1731
f 1726 1732 1734
f 1731 1733 1734
f 1731 1734 1732
f 1725 1735 1733
f 1726 1734 1736
f 1733 1735 1736
f 1733 1736 1734
f 1725 1737 1735
f 1726 1736 1738
f 1735 1737 1738
f 1735 1738 1736
f 1725 1739 1737
f 1726 1738 1740
f 1737 1739 1740
f 1737 1740 1738
f 1725 1741 1739
f 1726 1740 1742
f 1739 1741 1742
f 1739 1742 1740
f 1725 1743 1741
f 1726 1742 1744
f 1741 1743 1744
f 1741 1744 1742
f 1725 1745 1743
f 1726 1744 1746
f 1743 1745 1746
f 1743 1746 1744
f 1725 1747 1745
f 1726 1746 1748
f 1745 1747 1748
f 1745 1748 1746
f 1725 1749 1747
f 1726 1748 1750
f 1747 1749 1750
f 1747 1750 1748
f 1725 1751 1749
f 1726 1750 1752
f 1749 1751 1752
f 1749 1752 1750
f 1725 1753 1751
f 1726 1752 1754
f 1751 1753 1754
f 1751 1754 1752
f 1725 1755 1753
f 1726 1754 1756
f 1753 1755 1756
f 1753 1756 1754
f 1725 1757 1755
f 1726 1756 1758
f 1755 1757 1758
f 1755 1758 1756
f 1725 1759 1757
f 1726 1758 1760
f 1757 1759 1760
f 1757 1760 1758
f 1725 1761 1759
f 1726 1760 1762
f 1759 1761 1762
f 1759 1762 1760
f 1725 1763 1761
f 1726 1762 1764
f 1761 1763 1764
f 1761 1764 1762
f 1725 1765 1763
f 1726 1764 1766
f 1763 1765 1766
f 1763 1766 1764
f 1725 1727 1765
f 1726 1766 1728
f 1765 1727 1728
f 1765 1728 1766
f 1767 1771 1769
f 1768 1770 1772
f 1769 1771 1772
f 1769 1772 1770
f 1767 1773 1771
f 1768 1772 1774
f 1771 1773 1774
f 1771 1774 1772
f 1767 1775 1773
f 1768 1774 1776
f 1773 1775 1776
f 1773 1776 1774
f 1767 1777 1775
f 1768 1776 1778
f 1775 1777 1778
f 1775 1778 1776
f 1767 1779 1777
f 1768 1778 1780
f 1777 1779 1780
f 1777 1780 1778
f 1767 1781 1779
f 1768 1780 1782
f 1779 1781 1782
f 1779 1782 1780
f 1767 1783 1781
f 1768 1782 1784
f 1781 1783 1784
f 1781 1784 1782
f 1767 1785 1783
f 1768 1784 1786
f 1783 1785 1786
f 1783 1786 1784
f 1767 1787 1785
f 1768 1786 1788
f 1785 1787 1788
f 1785 1788 1786
f 1767 1789 1787
f 1768 1788 1790
f 1787 1789 1790
f 1787 1790 1788
f 1767 1791 1789
f 1768 1790 1792
f 1789 1791 1792
f 1789 1792 1790
f 1767 1793 1791
f 1768 1792 1794
f 1791 1793 1794
f 1791 1794 1792
f 1767 1795 1793
f 1768 1794 1796
f 1793 1795 1796
f 1793 1796 1794
f 1767 1797 1795
f 1768 1796 1798
f 1795 1797 1798
f 1795 1798 1796
f 1767 1799 1797
f 1768 1798 1800
f 1797 1799 1800
f 1797 1800 1798
f 1767 1801 1799
f 1768 1800 1802
f 1799 1801 1802
f 1799 1802 1800
f 1767 1803 1801
f 1768 1802 1804
f 1801 1803 1804
f 1801 1804 1802
f 1767 1805 1803
f 1768 1804 1806
f 1803 1805 1806
f 1803 1806 1804
f 1767 1807 1805
f 1768 1806 1808
f 1805 1807 1808
f 1805 1808 1806
f 1767 1769 1807
f 1768 1808 1770
f 1807 1769 1770
f 1807 1770 1808
f 1809 1813 1811
f 1810 1812 1814
f 1811 1813 1814
f 1811 1814 1812
f 1809 1815 1813
f 1810 1814 1816
f 1813 1815 1816
f 1813 1816 1814
f 1809 1817 1815
f 1810 1816 1818
f 1815 1817 1818
f 1815 1818 1816
f 1809 1819 1817
f 1810 1818 1820
f 1817 1819 1820
f 1817 1820 1818
f 1809 1821 1819
f 1810 1820 1822
f 1819 1821 1822
f 1819 1822 1820
f 1809 1823 1821
f 1810 1822 1824
f 1821 1823 1824
f 1821 1824 1822
f 1809 1825 1823
f 1810 1824 1826
f 1823 1825 1826
f 1823 1826 1824
f 1809 1827 1825
f 1810 1826 1828
f 1825 1827 1828
f 1825 1828 1826
f 1809 1829 1827
f 1810 1828 1830
f 1827 1829 1830
f 1827 1830 1828
f 1809 1831 1829
f 1810 1830 1832
f 1829 1831 1832
f 1829 1832 1830
f 1809 1833 1831
f 1810 1832 1834
f 1831 1833 1834
f 1831 1834 1832
f 1809 1835 1833
f 1810 1834 1836
f 1833 1835 1836
f 1833 1836 1834
f 1809 1837 1835
f 1810 1836 1838
f 1835 1837 1838
f 1835 1838 1836
f 1809 1839 1837
f 1810 1838 1840
f 1837 1839 1840
f 1837 1840 1838
f 1809 1841 1839
f 1810 1840 1842
f 1839 1841 1842
f 1839 1842 1840
f 1809 1843 1841
f 1810 1842 1844
f 1841 1843 1844
f 1841 1844 1842
f 1809 1845 1843
f 1810 1844 1846
f 1843 1845 1846
f 1843 1846 1844
f 1809 1847 1845
f 1810 1846 1848
f 1845 1847 1848
f 1845 1848 1846
f 1809 1849 1847
f 1810 1848 1850
f 1847 1849 1850
f 1847 1850 1848
f 1809 1811 1849
f 1810 1850 1812
f 1849 1811 1812
f 1849 1812 1850
f 1851 1855 1853
f 1852 1854 1856
f 1853 1855 1856
f 1853 1856 1854
f 1851 1857 1855
f 1852 1856 1858
f 1855 1857 1858
f 1855 1858 1856
f 1851 1859 1857
f 1852 1858 1860
f 1857 1859 1860
f 1857 1860 1858
f 1851 1861 1859
f 1852 1860 1862
f 1859 1861 1862
f 1859 1862 1860
f 1851 1863 1861
f 1852 1862 1864
f 1861 1863 1864
f 1861 1864 1862
f 1851 1865 1863
f 1852 1864 1866
f 1863 1865 1866
f 1863 1866 1864
f 1851 1867 1865
f 1852 1866 1868
f 1865 1867 1868
f 1865 1868 1866
f 1851 1869 1867
f 1852 1868 1870
f 1867 1869 1870
f 1867 1870 1868
f 1851 1871 1869
f 1852 1870 1872
f 1869 1871 1872
f 1869 1872 1870
f 1851 1873 1871
f 1852 1872 1874
f 1871 1873 1874
f 1871 1874 1872
f 1851 1875 1873
f 1852 1874 1876
f 1873 1875 1876
f 1873 1876 1874
f 1851 1877 1875
f 1852 1876 1878
f 1875 1877 1878
f 1875 1878 1876
f 1851 1879 1877
f 1852 1878 1880
f 1877 1879 1880
f 1877 1880 1878
f 1851 1881 1879
f 1852 1880 1882
f 1879 1881 1882
f 1879 1882 1880
f 1851 1883 1881
f 1852 1882 1884
f 1881 1883 1884
f 1881 1884 1882
f 1851 1885 1883
f 1852 1884 1886
f 1883 1885 1886
f 1883 1886 1884
f 1851 1887 1885
f 1852 1886 1888
f 1885 1887 1888
f 1885 1888 1886
f 1851 1889 1887
f 1852 1888 1890
f 1887 1889 1890
f 1887 1890 1888
f 1851 1891 1889
f 1852 1890 1892
f 1889 1891 1892
f 1889 1892 1890
f 1851 1853 1891
f 1852 1892 1854
f 1891 1853 1854
f 1891 1854 1892
f 1893 1896 1895
f 1893 1895 1894
f 1897 1898 1899
f 1897 1899 1900
f 1893 1894 1898
f 1893 1898 1897
f 1895 1896 1900
f 1895 1900 1899
f 1893 1897 1900
f 1893 1900 1896
f 1894 1895 1899
f 1894 1899 1898
f 1901 1904 1903
f 1901 1903 1902
f 1905 1906 1907
f 1905 1907 1908
f 1901 1902 1906
f 1901 1906 1905
f 1903 1904 1908
f 1903 1908 1907
f 1901 1905 1908
f 1901 1908 1904
f 1902 1903 1907
f 1902 1907 1906
f 1909 1912 1911
f 1909 1911 1910
f 1913 1914 1915
f 1913 1915 1916
f 1909 1910 1914
f 1909 1914 1913
f 1911 1912 1916
f 1911 1916 1915
f 1909 1913 1916
f 1909 1916 1912
f 1910 1911 1915
f 1910 1915 1914
f 1917 1920 1919
f 1917 1919 1918
f 1921 1922 1923
f 1921 1923 1924
f 1917 1918 1922
f 1917 1922 1921
f 1919 1920 1924
f 1919 1924 1923
f 1917 1921 1924
f 1917 1924 1920
f 1918 1919 1923
f 1918 1923 1922
f 1925 1928 1927
f 1925 1927 1926
f 1929 1930 1931
f 1929 1931 1932
f 1925 1926 1930
f 1925 1930 1929
f 1927 1928 1932
f 1927 1932 1931
f 1925 1929 1932
f 1925 1932 1928
f 1926 1927 1931
f 1926 1931 1930
f 1933 1936 1935
f 1933 1935 1934
f 1937 1938 1939
f 1937 1939 1940
f 1933 1934 1938
f 1933 1938 1937
f 1935 1936 1940
f 1935 1940 1939
f 1933 1937 1940
f 1933 1940 1936
f 1934 1935 1939
f 1934 1939 1938
f 1941 1944 1943
f 1941 1943 1942
f 1945 1946 1947
f 1945 1947 1948
f 1941 1942 1946
f 1941 1946 1945
f 1943 1944 1948
f 1943 1948 1947
f 1941 1945 1948
f 1941 1948 1944
f 1942 1943 1947
f 1942 1947 1946
f 1949 1952 1951
f 1949 1951 1950
f 1953 1954 1955
f 1953 1955 1956
f 1949 1950 1954
f 1949 1954 1953
f 1951 1952 1956
f 1951 1956 1955
f 1949 1953 1956
f 1949 1956 1952
f 1950 1951 1955
f 1950 1955 1954
f 1957 1961 1959
f 1958 1960 1962
f 1959 1961 1962
f 1959 1962 1960
f 1957 1963 1961
f 1958 1962 1964
f 1961 1963 1964
f 1961 1964 1962
f 1957 1965 1963
f 1958 1964 1966
f 1963 1965 1966
f 1963 1966 1964
f 1957 1967 1965
f 1958 1966 1968
f 1965 1967 1968
f 1965 1968 1966
f 1957 1969 1967
f 1958 1968 1970
f 1967 1969 1970
f 1967 1970 1968
f 1957 1971 1969
f 1958 1970 1972
f 1969 1971 1972
f 1969 1972 1970
f 1957 1973 1971
f 1958 1972 1974
f 1971 1973 1974
f 1971 1974 1972
f 1957 1975 1973
f 1958 1974 1976
f 1973 1975 1976
f 1973 1976 1974
f 1957 1977 1975
f 1958 1976 1978
f 1975 1977 1978
f 1975 1978 1976
f 1957 1979 1977
f 1958 1978 1980
f 1977 1979 1980
f 1977 1980 1978
f 1957 1981 1979
f 1958 1980 1982
f 1979 1981 1982
f 1979 1982 1980
f 1957 1983 1981
f 1958 1982 1984
f 1981 1983 1984
f 1981 1984 1982
f 1957 1985 1983
f 1958 1984 1986
f 1983 1985 1986
f 1983 1986 1984
f 1957 1987 1985
f 1958 1986 1988
f 1985 1987 1988
f 1985 1988 1986
f 1957 1989 1987
f 1958 1988 1990
f 1987 1989 1990
f 1987 1990 1988
f 1957 1959 1989
f 1958 1990 1960
f 1989 1959 1960
f 1989 1960 1990
f 1991 1995 1993
f 1992 1994 1996
f 1993 1995 1996
f 1993 1996 1994
f 1991 1997 1995
f 1992 1996 1998
f 1995 1997 1998
f 1995 1998 1996
f 1991 1999 1997
f 1992 1998 2000
f 1997 1999 2000
f 1997 2000 1998
f 1991 2001 1999
f 1992 2000 2002
f 1999 2001 2002
f 1999 2002 2000
f 1991 2003 2001
f 1992 2002 2004
f 2001 2003 2004
f 2001 2004 2002
f 1991 2005 2003
f 1992 2004 2006
f 2003 2005 2006
f 2003 2006 2004
f 1991 2007 2005
f 1992 2006 2008
f 2005 2007 2008
f 2005 2008 2006
f 1991 2009 2007
f 1992 2008 2010
f 2007 2009 2010
f 2007 2010 2008
f 1991 2011 2009
f 1992 2010 2012
f 2009 2011 2012
f 2009 2012 2010
f 1991 2013 2011
f 1992 2012 2014
f 2011 2013 2014
f 2011 2014 2012
f 1991 2015 2013
f 1992 2014 2016
f 2013 2015 2016
f 2013 2016 2014
f 1991 2017 2015
f 1992 2016 2018
f 2015 2017 2018
f 2015 2018 2016
f 1991 2019 2017
f 1992 2018 2020
f 2017 2019 2020
f 2017 2020 2018
f 1991 2021 2019
f 1992 2020 2022
f 2019 2021 2022
f 2019 2022 2020
f 1991 2023 2021
f 1992 2022 2024
f 2021 2023 2024
f 2021 2024 2022
f 1991 2025 2023
f 1992 2024 2026
f 2023 2025 2026
f 2023 2026 2024
f 1991 2027 2025
f 1992 2026 2028
f 2025 2027 2028
f 2025 2028 2026
f 1991 2029 2027
f 1992 2028 2030
f 2027 2029 2030
f 2027 2030 2028
f 1991 2031 2029
f 1992 2030 2032
f 2029 2031 2032
f 2029 2032 2030
f 1991 2033 2031
f 1992 2032 2034
f 2031 2033 2034
f 2031 2034 2032
f 1991 2035 2033
f 1992 2034 2036
f 2033 2035 2036
f 2033 2036 2034
f 1991 2037 2035
f 1992 2036 2038
f 2035 2037 2038
f 2035 2038 2036
f 1991 2039 2037
f 1992 2038 2040
f 2037 2039 2040
f 2037 2040 2038
f 1991 1993 2039
f 1992 2040 1994
f 2039 1993 1994
f 2039 1994 2040
f 2041 2045 2043
f 2042 2044 2046
f 2043 2045 2046
f 2043 2046 2044
f 2041 2047 2045
f 2042 2046 2048
f 2045 2047 2048
f 2045 2048 2046
f 2041 2049 2047
f 2042 2048 2050
f 2047 2049 2050
f 2047 2050 2048
f 2041 2051 2049
f 2042 2050 2052
f 2049 2051 2052
f 2049 2052 2050
f 2041 2053 2051
f 2042 2052 2054
f 2051 2053 2054
f 2051 2054 2052
f 2041 2055 2053
f 2042 2054 2056
f 2053 2055 2056
f 2053 2056 2054
f 2041 2057 2055
f 2042 2056 2058
f 2055 2057 2058
f 2055 2058 2056
f 2041 2059 2057
f 2042 2058 2060
f 2057 2059 2060
f 2057 2060 2058
f 2041 2061 2059
f 2042 2060 2062
f 2059 2061 2062
f 2059 2062 2060
f 2041 2063 2061
f 2042 2062 2064
f 2061 2063 2064
f 2061 2064 2062
f 2041 2065 2063
f 2042 2064 2066
f 2063 2065 2066
f 2063 2066 2064
f 2041 2067 2065
f 2042 2066 2068
f 2065 2067 2068
f 2065 2068 2066
f 2041 2069 2067
f 2042 2068 2070
f 2067 2069 2070
f 2067 2070 2068
f 2041 2071 2069
f 2042 2070 2072
f 2069 2071 2072
f 2069 2072 2070
f 2041 2073 2071
f 2042 2072 2074
f 2071 2073 2074
f 2071 2074 2072
f 2041 2075 2073
f 2042 2074 2076
f 2073 2075 2076
f 2073 2076 2074
f 2041 2077 2075
f 2042 2076 2078
f 2075 2077 2078
f 2075 2078 2076
f 2041 2079 2077
f 2042 2078 2080
f 2077 2079 2080
f 2077 2080 2078
f 2041 2081 2079
f 2042 2080 2082
f 2079 2081 2082
f 2079 2082 2080
f 2041 2083 2081
f 2042 2082 2084
f 2081 2083 2084
f 2081 2084 2082
f 2041 2085 2083
f 2042 2084 2086
f 2083 2085 2086
f 2083 2086 2084
f 2041 2087 2085
f 2042 2086 2088
f 2085 2087 2088
f 2085 2088 2086
f 2041 2089 2087
f 2042 2088 2090
f 2087 2089 2090
f 2087 2090 2088
f 2041 2043 2089
f 2042 2090 2044
f 2089 2043 2044
f 2089 2044 2090
